graph_class,seed,nodes,edges,density,is_dense,avg_clustering_coefficient,avg_betweenness_centrality,avg_degree_centrality,avg_path_length,small_world_sigma,modularity
dense_random,0,100,3447,0.696364,True,0.698121,0.003098,0.696364,1.303636,0.836587,0.044503
dense_random,0,100,4446,0.898182,True,0.898671,0.001039,0.898182,1.101818,0.931847,0.017978
powerlaw,0,100,291,0.058788,False,0.208674,0.015749,0.058788,2.543434,3.648993,0.347516
powerlaw,0,100,475,0.09596,False,0.195201,0.01242,0.09596,2.217172,1.876761,0.245157
complete,0,50,1225,1.0,True,1.0,0.0,1.0,1.0,1.005191,0.0
unit_disk,0,100,522,0.105455,False,0.660339,0.028002,0.105455,3.744242,3.283379,0.612379
unit_disk,0,100,1068,0.215758,False,0.688032,0.014294,0.215758,2.400808,1.997993,0.432018
grid_2d,0,100,180,0.036364,False,0.0,0.057823,0.036364,6.666667,0.0,0.633549
grid_2d,0,225,420,0.016667,False,0.0,0.040359,0.016667,10.0,0.0,0.720779
dense_random,1,100,3451,0.697172,True,0.698582,0.00309,0.697172,1.302828,0.836459,0.042729
dense_random,1,100,4435,0.89596,True,0.895803,0.001062,0.89596,1.10404,0.929817,0.014261
powerlaw,1,100,291,0.058788,False,0.161901,0.016145,0.058788,2.582222,2.788561,0.34356
powerlaw,1,100,475,0.09596,False,0.188553,0.012387,0.09596,2.213939,1.815489,0.250296
complete,1,50,1225,1.0,True,1.0,0.0,1.0,1.0,1.005191,0.0
unit_disk,1,100,510,0.10303,False,0.636242,0.026895,0.10303,3.635758,3.368009,0.598035
unit_disk,1,100,1053,0.212727,False,0.674721,0.014207,0.212727,2.392323,2.003554,0.413179
grid_2d,1,100,180,0.036364,False,0.0,0.057823,0.036364,6.666667,0.0,0.633549
grid_2d,1,225,420,0.016667,False,0.0,0.040359,0.016667,10.0,0.0,0.720779
dense_random,2,100,3451,0.697172,True,0.696564,0.00309,0.697172,1.302828,0.834042,0.04465
dense_random,2,100,4459,0.900808,True,0.900391,0.001012,0.900808,1.099192,0.932527,0.016087
powerlaw,2,100,291,0.058788,False,0.132684,0.016048,0.058788,2.572727,2.29376,0.34826
powerlaw,2,100,475,0.09596,False,0.191803,0.012426,0.09596,2.217778,1.84358,0.24751
complete,2,50,1225,1.0,True,1.0,0.0,1.0,1.0,1.005191,0.0
unit_disk,2,100,477,0.096364,False,0.632391,0.028963,0.096364,3.838384,3.490826,0.664594
unit_disk,2,100,984,0.198788,False,0.688644,0.015013,0.198788,2.471313,2.166528,0.501451
grid_2d,2,100,180,0.036364,False,0.0,0.057823,0.036364,6.666667,0.0,0.633549
grid_2d,2,225,420,0.016667,False,0.0,0.040359,0.016667,10.0,0.0,0.720779
dense_random,3,100,3459,0.698788,True,0.699695,0.003074,0.698788,1.301212,0.836435,0.045362
dense_random,3,100,4485,0.906061,True,0.905973,0.000959,0.906061,1.093939,0.936136,0.016696
powerlaw,3,100,291,0.058788,False,0.139201,0.016139,0.058788,2.581616,2.398141,0.339669
powerlaw,3,100,475,0.09596,False,0.231469,0.012292,0.09596,2.204646,2.238101,0.251652
complete,3,50,1225,1.0,True,1.0,0.0,1.0,1.0,1.005191,0.0
unit_disk,3,100,539,0.108889,False,0.665832,0.022643,0.108889,3.459351,3.036722,0.642809
unit_disk,3,100,1067,0.215556,False,0.703177,0.014199,0.215556,2.391515,2.052456,0.497976
grid_2d,3,100,180,0.036364,False,0.0,0.057823,0.036364,6.666667,0.0,0.633549
grid_2d,3,225,420,0.016667,False,0.0,0.040359,0.016667,10.0,0.0,0.720779
dense_random,4,100,3451,0.697172,True,0.696701,0.00309,0.697172,1.302828,0.834207,0.041433
dense_random,4,100,4470,0.90303,True,0.903025,0.000989,0.90303,1.09697,0.93433,0.016245
powerlaw,4,100,291,0.058788,False,0.104462,0.016605,0.058788,2.627273,1.768387,0.344776
powerlaw,4,100,475,0.09596,False,0.165689,0.012599,0.09596,2.234747,1.580485,0.245509
complete,4,50,1225,1.0,True,1.0,0.0,1.0,1.0,1.005191,0.0
unit_disk,4,100,502,0.101414,False,0.67958,0.032074,0.101414,4.143232,3.229093,0.662991
unit_disk,4,100,969,0.195758,False,0.706981,0.016026,0.195758,2.570505,2.182745,0.534646
grid_2d,4,100,180,0.036364,False,0.0,0.057823,0.036364,6.666667,0.0,0.633549
grid_2d,4,225,420,0.016667,False,0.0,0.040359,0.016667,10.0,0.0,0.720779
dense_random,5,100,3480,0.70303,True,0.703481,0.00303,0.70303,1.29697,0.837424,0.043858
dense_random,5,100,4443,0.897576,True,0.897722,0.001045,0.897576,1.102424,0.93112,0.017905
powerlaw,5,100,291,0.058788,False,0.118455,0.016671,0.058788,2.633737,2.000349,0.342379
powerlaw,5,100,475,0.09596,False,0.171307,0.012348,0.09596,2.210101,1.652296,0.237828
complete,5,50,1225,1.0,True,1.0,0.0,1.0,1.0,1.005191,0.0
unit_disk,5,100,529,0.106869,False,0.654681,0.028316,0.106869,3.774949,3.168052,0.595145
unit_disk,5,100,1035,0.209091,False,0.697046,0.014989,0.209091,2.468889,2.052148,0.474064
grid_2d,5,100,180,0.036364,False,0.0,0.057823,0.036364,6.666667,0.0,0.633549
grid_2d,5,225,420,0.016667,False,0.0,0.040359,0.016667,10.0,0.0,0.720779
dense_random,6,100,3463,0.699596,True,0.700367,0.003065,0.699596,1.300404,0.836563,0.046392
dense_random,6,100,4433,0.895556,True,0.895429,0.001066,0.895556,1.104444,0.9296,0.015875
powerlaw,6,100,291,0.058788,False,0.099426,0.016759,0.058788,2.642424,1.673478,0.365289
powerlaw,6,100,475,0.09596,False,0.159391,0.01261,0.09596,2.235758,1.519719,0.248406
complete,6,50,1225,1.0,True,1.0,0.0,1.0,1.0,1.005191,0.0
unit_disk,6,100,512,0.103434,False,0.629266,0.029524,0.103434,3.893333,3.093339,0.63555
unit_disk,6,100,1010,0.20404,False,0.681488,0.015176,0.20404,2.487273,2.05741,0.508785
grid_2d,6,100,180,0.036364,False,0.0,0.057823,0.036364,6.666667,0.0,0.633549
grid_2d,6,225,420,0.016667,False,0.0,0.040359,0.016667,10.0,0.0,0.720779
dense_random,7,100,3457,0.698384,True,0.698899,0.003078,0.698384,1.301616,0.835821,0.044232
dense_random,7,100,4454,0.899798,True,0.899913,0.001022,0.899798,1.100202,0.932454,0.017871
powerlaw,7,100,291,0.058788,False,0.152078,0.016087,0.058788,2.576566,2.625125,0.341434
powerlaw,7,100,475,0.09596,False,0.179159,0.012472,0.09596,2.222222,1.718612,0.265633
complete,7,50,1225,1.0,True,1.0,0.0,1.0,1.0,1.005191,0.0
unit_disk,7,100,497,0.100404,False,0.646289,0.028147,0.100404,3.758384,3.434323,0.635406
unit_disk,7,100,1028,0.207677,False,0.679619,0.014682,0.207677,2.438788,2.043907,0.478124
grid_2d,7,100,180,0.036364,False,0.0,0.057823,0.036364,6.666667,0.0,0.633549
grid_2d,7,225,420,0.016667,False,0.0,0.040359,0.016667,10.0,0.0,0.720779
dense_random,8,100,3490,0.705051,True,0.705308,0.00301,0.705051,1.294949,0.837932,0.041276
dense_random,8,100,4447,0.898384,True,0.898388,0.001037,0.898384,1.101616,0.931468,0.016591
powerlaw,8,100,291,0.058788,False,0.144093,0.016302,0.058788,2.597576,2.467169,0.330694
powerlaw,8,100,475,0.09596,False,0.204882,0.012426,0.09596,2.217778,1.969294,0.241214
complete,8,50,1225,1.0,True,1.0,0.0,1.0,1.0,1.005191,0.0
unit_disk,8,100,487,0.098384,False,0.648763,0.028833,0.098384,3.883323,3.378432,0.639573
unit_disk,8,100,1026,0.207273,False,0.682536,0.01456,0.207273,2.426869,2.068114,0.479137
grid_2d,8,100,180,0.036364,False,0.0,0.057823,0.036364,6.666667,0.0,0.633549
grid_2d,8,225,420,0.016667,False,0.0,0.040359,0.016667,10.0,0.0,0.720779
dense_random,9,100,3460,0.69899,True,0.699661,0.003072,0.69899,1.30101,0.836225,0.045994
dense_random,9,100,4460,0.90101,True,0.901497,0.00101,0.90101,1.09899,0.933588,0.017501
powerlaw,9,100,291,0.058788,False,0.185075,0.015854,0.058788,2.553737,3.223266,0.335801
powerlaw,9,100,475,0.09596,False,0.198448,0.012408,0.09596,2.21596,1.90902,0.249272
complete,9,50,1225,1.0,True,1.0,0.0,1.0,1.0,1.005191,0.0
unit_disk,9,100,522,0.105455,False,0.648334,0.027945,0.105455,3.738586,3.228567,0.635456
unit_disk,9,100,1031,0.208283,False,0.695043,0.014949,0.208283,2.465051,2.06002,0.471606
grid_2d,9,100,180,0.036364,False,0.0,0.057823,0.036364,6.666667,0.0,0.633549
grid_2d,9,225,420,0.016667,False,0.0,0.040359,0.016667,10.0,0.0,0.720779
dense_random,10,100,3491,0.705253,True,0.705342,0.003008,0.705253,1.294747,0.837807,0.044179
dense_random,10,100,4472,0.903434,True,0.903065,0.000985,0.903434,1.096566,0.934205,0.016048
powerlaw,10,100,291,0.058788,False,0.158658,0.016125,0.058788,2.580202,2.734853,0.34911
powerlaw,10,100,475,0.09596,False,0.185983,0.012546,0.09596,2.229495,1.778251,0.263393
complete,10,50,1225,1.0,True,1.0,0.0,1.0,1.0,1.005191,0.0
unit_disk,10,100,522,0.105455,False,0.624748,0.025828,0.105455,3.531111,3.293908,0.587148
unit_disk,10,100,1099,0.22202,False,0.668098,0.013438,0.22202,2.31697,1.935511,0.398414
grid_2d,10,100,180,0.036364,False,0.0,0.057823,0.036364,6.666667,0.0,0.633549
grid_2d,10,225,420,0.016667,False,0.0,0.040359,0.016667,10.0,0.0,0.720779
dense_random,11,100,3515,0.710101,True,0.710071,0.002958,0.710101,1.289899,0.839459,0.040807
dense_random,11,100,4453,0.899596,True,0.899572,0.001025,0.899596,1.100404,0.932186,0.019187
powerlaw,11,100,291,0.058788,False,0.234634,0.016122,0.058788,2.58,4.044791,0.360813
powerlaw,11,100,475,0.09596,False,0.190542,0.012571,0.09596,2.231919,1.819863,0.231705
complete,11,50,1225,1.0,True,1.0,0.0,1.0,1.0,1.005191,0.0
unit_disk,11,100,504,0.101818,False,0.635053,0.027957,0.101818,3.739798,3.324039,0.640227
unit_disk,11,100,992,0.200404,False,0.678459,0.01536,0.200404,2.505253,2.082928,0.50941
grid_2d,11,100,180,0.036364,False,0.0,0.057823,0.036364,6.666667,0.0,0.633549
grid_2d,11,225,420,0.016667,False,0.0,0.040359,0.016667,10.0,0.0,0.720779
dense_random,12,100,3424,0.691717,True,0.691363,0.003146,0.691717,1.308283,0.832409,0.044344
dense_random,12,100,4428,0.894545,True,0.895156,0.001076,0.894545,1.105455,0.92975,0.018216
powerlaw,12,100,291,0.058788,False,0.128397,0.016574,0.058788,2.624242,2.176075,0.345573
powerlaw,12,100,475,0.09596,False,0.203506,0.012533,0.09596,2.228283,1.946847,0.250728
complete,12,50,1225,1.0,True,1.0,0.0,1.0,1.0,1.005191,0.0
unit_disk,12,100,527,0.106465,False,0.619377,0.026623,0.106465,3.609091,3.151912,0.577774
unit_disk,12,100,1111,0.224444,False,0.678538,0.013669,0.224444,2.339596,1.918975,0.454435
grid_2d,12,100,180,0.036364,False,0.0,0.057823,0.036364,6.666667,0.0,0.633549
grid_2d,12,225,420,0.016667,False,0.0,0.040359,0.016667,10.0,0.0,0.720779
dense_random,13,100,3501,0.707273,True,0.707135,0.002987,0.707273,1.292727,0.838282,0.042395
dense_random,13,100,4470,0.90303,True,0.903623,0.000989,0.90303,1.09697,0.934949,0.015884
powerlaw,13,100,291,0.058788,False,0.124687,0.016479,0.058788,2.614949,2.120708,0.343861
powerlaw,13,100,475,0.09596,False,0.198441,0.012412,0.09596,2.216364,1.9086,0.255151
complete,13,50,1225,1.0,True,1.0,0.0,1.0,1.0,1.005191,0.0
unit_disk,13,100,559,0.112929,False,0.631758,0.027477,0.112929,3.692727,2.889898,0.575673
unit_disk,13,100,1138,0.229899,False,0.689911,0.013766,0.229899,2.349091,1.882571,0.438937
grid_2d,13,100,180,0.036364,False,0.0,0.057823,0.036364,6.666667,0.0,0.633549
grid_2d,13,225,420,0.016667,False,0.0,0.040359,0.016667,10.0,0.0,0.720779
dense_random,14,100,3469,0.700808,True,0.701931,0.003053,0.700808,1.299192,0.837419,0.047526
dense_random,14,100,4446,0.898182,True,0.898213,0.001039,0.898182,1.101818,0.931373,0.018132
powerlaw,14,100,291,0.058788,False,0.163624,0.015988,0.058788,2.566869,2.835101,0.337567
powerlaw,14,100,475,0.09596,False,0.192695,0.012573,0.09596,2.232121,1.84026,0.24798
complete,14,50,1225,1.0,True,1.0,0.0,1.0,1.0,1.005191,0.0
unit_disk,14,100,489,0.098788,False,0.653302,0.029375,0.098788,3.878788,3.443185,0.68232
unit_disk,14,100,1003,0.202626,False,0.680643,0.014702,0.202626,2.440808,2.113481,0.510602
grid_2d,14,100,180,0.036364,False,0.0,0.057823,0.036364,6.666667,0.0,0.633549
grid_2d,14,225,420,0.016667,False,0.0,0.040359,0.016667,10.0,0.0,0.720779
dense_random,15,100,3425,0.691919,True,0.693663,0.003144,0.691919,1.308081,0.835005,0.043608
dense_random,15,100,4430,0.894949,True,0.895142,0.001072,0.894949,1.105051,0.929563,0.016722
powerlaw,15,100,291,0.058788,False,0.154041,0.016261,0.058788,2.593535,2.641613,0.347982
powerlaw,15,100,475,0.09596,False,0.20261,0.012511,0.09596,2.226061,1.940216,0.261135
complete,15,50,1225,1.0,True,1.0,0.0,1.0,1.0,1.005191,0.0
unit_disk,15,100,507,0.102424,False,0.673636,0.02961,0.102424,3.901818,3.350973,0.613653
unit_disk,15,100,1035,0.209091,False,0.70422,0.014919,0.209091,2.46202,2.079054,0.443253
grid_2d,15,100,180,0.036364,False,0.0,0.057823,0.036364,6.666667,0.0,0.633549
grid_2d,15,225,420,0.016667,False,0.0,0.040359,0.016667,10.0,0.0,0.720779
dense_random,16,100,3420,0.690909,True,0.690112,0.003154,0.690909,1.309091,0.831591,0.044507
dense_random,16,100,4415,0.891919,True,0.892506,0.001103,0.891919,1.108081,0.928133,0.017917
powerlaw,16,100,291,0.058788,False,0.154149,0.016306,0.058788,2.59798,2.638934,0.357725
powerlaw,16,100,475,0.09596,False,0.177468,0.012391,0.09596,2.214343,1.708441,0.255902
complete,16,50,1225,1.0,True,1.0,0.0,1.0,1.0,1.005191,0.0
unit_disk,16,100,543,0.109697,False,0.660892,0.028143,0.109697,3.75798,3.095442,0.628988
unit_disk,16,100,1068,0.215758,False,0.690782,0.014494,0.215758,2.420404,1.989737,0.508136
grid_2d,16,100,180,0.036364,False,0.0,0.057823,0.036364,6.666667,0.0,0.633549
grid_2d,16,225,420,0.016667,False,0.0,0.040359,0.016667,10.0,0.0,0.720779
dense_random,17,100,3471,0.701212,True,0.700881,0.003049,0.701212,1.298788,0.835832,0.041659
dense_random,17,100,4465,0.90202,True,0.901643,0.001,0.90202,1.09798,0.933318,0.015847
powerlaw,17,100,291,0.058788,False,0.141072,0.01659,0.058788,2.625859,2.38943,0.352352
powerlaw,17,100,475,0.09596,False,0.230288,0.012266,0.09596,2.20202,2.229335,0.24687
complete,17,50,1225,1.0,True,1.0,0.0,1.0,1.0,1.005191,0.0
unit_disk,17,100,498,0.100606,False,0.613196,0.027324,0.100606,3.677778,3.320294,0.581775
unit_disk,17,100,1088,0.219798,False,0.673903,0.013605,0.219798,2.333333,1.964635,0.420967
grid_2d,17,100,180,0.036364,False,0.0,0.057823,0.036364,6.666667,0.0,0.633549
grid_2d,17,225,420,0.016667,False,0.0,0.040359,0.016667,10.0,0.0,0.720779
dense_random,18,100,3487,0.704444,True,0.705036,0.003016,0.704444,1.295556,0.838107,0.042841
dense_random,18,100,4460,0.90101,True,0.901409,0.00101,0.90101,1.09899,0.933497,0.017894
powerlaw,18,100,291,0.058788,False,0.156651,0.01639,0.058788,2.606263,2.673244,0.353598
powerlaw,18,100,475,0.09596,False,0.172177,0.012523,0.09596,2.227273,1.647886,0.253518
complete,18,50,1225,1.0,True,1.0,0.0,1.0,1.0,1.005191,0.0
unit_disk,18,100,524,0.105859,False,0.681542,0.027572,0.105859,3.70202,3.40882,0.669294
unit_disk,18,100,1067,0.215556,False,0.709539,0.014036,0.215556,2.375556,2.084939,0.487408
grid_2d,18,100,180,0.036364,False,0.0,0.057823,0.036364,6.666667,0.0,0.633549
grid_2d,18,225,420,0.016667,False,0.0,0.040359,0.016667,10.0,0.0,0.720779
dense_random,19,100,3497,0.706465,True,0.707068,0.002995,0.706465,1.293535,0.838863,0.040801
dense_random,19,100,4456,0.900202,True,0.900144,0.001018,0.900202,1.099798,0.932524,0.017234
powerlaw,19,100,291,0.058788,False,0.180972,0.015731,0.058788,2.541616,3.166837,0.344257
powerlaw,19,100,475,0.09596,False,0.200197,0.01247,0.09596,2.22202,1.920589,0.247747
complete,19,50,1225,1.0,True,1.0,0.0,1.0,1.0,1.005191,0.0
unit_disk,19,100,581,0.117374,False,0.637267,0.024492,0.117374,3.400202,2.998073,0.556667
unit_disk,19,100,1206,0.243636,False,0.682778,0.012583,0.243636,2.233131,1.815627,0.402398
grid_2d,19,100,180,0.036364,False,0.0,0.057823,0.036364,6.666667,0.0,0.633549
grid_2d,19,225,420,0.016667,False,0.0,0.040359,0.016667,10.0,0.0,0.720779
dense_random,20,100,3441,0.695152,True,0.695915,0.003111,0.695152,1.304848,0.834966,0.042135
dense_random,20,100,4436,0.896162,True,0.895806,0.00106,0.896162,1.103838,0.929733,0.018078
powerlaw,20,100,291,0.058788,False,0.184672,0.015935,0.058788,2.561616,3.206361,0.343011
powerlaw,20,100,475,0.09596,False,0.204527,0.012616,0.09596,2.236364,1.949545,0.254994
complete,20,50,1225,1.0,True,1.0,0.0,1.0,1.0,1.005191,0.0
unit_disk,20,100,489,0.098788,False,0.649465,0.029975,0.098788,3.937576,3.371857,0.647919
unit_disk,20,100,1037,0.209495,False,0.690834,0.014776,0.209495,2.448081,2.045887,0.524945
grid_2d,20,100,180,0.036364,False,0.0,0.057823,0.036364,6.666667,0.0,0.633549
grid_2d,20,225,420,0.016667,False,0.0,0.040359,0.016667,10.0,0.0,0.720779
dense_random,21,100,3508,0.708687,True,0.706997,0.002973,0.708687,1.291313,0.836968,0.040789
dense_random,21,100,4478,0.904646,True,0.904605,0.000973,0.904646,1.095354,0.935299,0.017346
powerlaw,21,100,291,0.058788,False,0.136478,0.016147,0.058788,2.582424,2.350501,0.338287
powerlaw,21,100,475,0.09596,False,0.18968,0.012484,0.09596,2.223434,1.818539,0.272308
complete,21,50,1225,1.0,True,1.0,0.0,1.0,1.0,1.005191,0.0
unit_disk,21,100,454,0.091717,False,0.659129,0.029876,0.091717,3.927879,3.819332,0.671906
unit_disk,21,100,942,0.190303,False,0.678128,0.01545,0.190303,2.514141,2.22315,0.513383
grid_2d,21,100,180,0.036364,False,0.0,0.057823,0.036364,6.666667,0.0,0.633549
grid_2d,21,225,420,0.016667,False,0.0,0.040359,0.016667,10.0,0.0,0.720779
dense_random,22,100,3436,0.694141,True,0.694491,0.003121,0.694141,1.305859,0.83411,0.045585
dense_random,22,100,4460,0.90101,True,0.900941,0.00101,0.90101,1.09899,0.933012,0.016297
powerlaw,22,100,291,0.058788,False,0.172585,0.015778,0.058788,2.546263,3.01457,0.335512
powerlaw,22,100,475,0.09596,False,0.220704,0.01235,0.09596,2.210303,2.12855,0.24137
complete,22,50,1225,1.0,True,1.0,0.0,1.0,1.0,1.005191,0.0
unit_disk,22,100,496,0.100202,False,0.657077,0.02846,0.100202,3.789091,3.473382,0.652407
unit_disk,22,100,998,0.201616,False,0.696074,0.015302,0.201616,2.499596,2.124677,0.512412
grid_2d,22,100,180,0.036364,False,0.0,0.057823,0.036364,6.666667,0.0,0.633549
grid_2d,22,225,420,0.016667,False,0.0,0.040359,0.016667,10.0,0.0,0.720779
dense_random,23,100,3499,0.706869,True,0.70667,0.002991,0.706869,1.293131,0.83806,0.043955
dense_random,23,100,4452,0.899394,True,0.899859,0.001027,0.899394,1.100606,0.932567,0.015863
powerlaw,23,100,291,0.058788,False,0.20679,0.015409,0.058788,2.510101,3.664069,0.337561
powerlaw,23,100,475,0.09596,False,0.201547,0.012511,0.09596,2.226061,1.930031,0.253886
complete,23,50,1225,1.0,True,1.0,0.0,1.0,1.0,1.005191,0.0
unit_disk,23,100,503,0.101616,False,0.646156,0.027965,0.101616,3.740606,3.391061,0.63929
unit_disk,23,100,1069,0.21596,False,0.682376,0.013863,0.21596,2.358586,2.014539,0.480535
grid_2d,23,100,180,0.036364,False,0.0,0.057823,0.036364,6.666667,0.0,0.633549
grid_2d,23,225,420,0.016667,False,0.0,0.040359,0.016667,10.0,0.0,0.720779
dense_random,24,100,3420,0.690909,True,0.691663,0.003154,0.690909,1.309091,0.83346,0.048735
dense_random,24,100,4420,0.892929,True,0.893026,0.001093,0.892929,1.107071,0.928235,0.018205
powerlaw,24,100,291,0.058788,False,0.154689,0.016696,0.058788,2.636162,2.609821,0.347469
powerlaw,24,100,475,0.09596,False,0.181768,0.012329,0.09596,2.208283,1.754644,0.250307
complete,24,50,1225,1.0,True,1.0,0.0,1.0,1.0,1.005191,0.0
unit_disk,24,100,514,0.103838,False,0.649658,0.029159,0.103838,3.857576,3.205273,0.64578
unit_disk,24,100,1072,0.216566,False,0.702377,0.01429,0.216566,2.400404,2.029901,0.52019
grid_2d,24,100,180,0.036364,False,0.0,0.057823,0.036364,6.666667,0.0,0.633549
grid_2d,24,225,420,0.016667,False,0.0,0.040359,0.016667,10.0,0.0,0.720779
dense_random,25,100,3397,0.686263,True,0.685196,0.003201,0.686263,1.313737,0.829642,0.044286
dense_random,25,100,4415,0.891919,True,0.891696,0.001103,0.891919,1.108081,0.927291,0.018298
powerlaw,25,100,291,0.058788,False,0.152232,0.016403,0.058788,2.607475,2.596627,0.339935
powerlaw,25,100,475,0.09596,False,0.188677,0.012389,0.09596,2.214141,1.816514,0.263871
complete,25,50,1225,1.0,True,1.0,0.0,1.0,1.0,1.005191,0.0
unit_disk,25,100,528,0.106667,False,0.677488,0.029147,0.106667,3.856364,3.217864,0.658148
unit_disk,25,100,1027,0.207475,False,0.690311,0.014436,0.207475,2.414747,2.099448,0.494316
grid_2d,25,100,180,0.036364,False,0.0,0.057823,0.036364,6.666667,0.0,0.633549
grid_2d,25,225,420,0.016667,False,0.0,0.040359,0.016667,10.0,0.0,0.720779
dense_random,26,100,3459,0.698788,True,0.698524,0.003074,0.698788,1.301212,0.835035,0.04382
dense_random,26,100,4431,0.895152,True,0.895225,0.00107,0.895152,1.104848,0.929562,0.017297
powerlaw,26,100,291,0.058788,False,0.112803,0.016696,0.058788,2.636162,1.903156,0.349594
powerlaw,26,100,475,0.09596,False,0.205257,0.012595,0.09596,2.234343,1.95827,0.26174
complete,26,50,1225,1.0,True,1.0,0.0,1.0,1.0,1.005191,0.0
unit_disk,26,100,456,0.092121,False,0.65506,0.032529,0.092121,4.187879,3.537436,0.672255
unit_disk,26,100,912,0.184242,False,0.698006,0.017001,0.184242,2.666061,2.25375,0.556
grid_2d,26,100,180,0.036364,False,0.0,0.057823,0.036364,6.666667,0.0,0.633549
grid_2d,26,225,420,0.016667,False,0.0,0.040359,0.016667,10.0,0.0,0.720779
dense_random,27,100,3407,0.688283,True,0.688364,0.003181,0.688283,1.311717,0.831731,0.047611
dense_random,27,100,4415,0.891919,True,0.892317,0.001103,0.891919,1.108081,0.927937,0.01902
powerlaw,27,100,291,0.058788,False,0.124658,0.015941,0.058788,2.562222,2.163852,0.337526
powerlaw,27,100,475,0.09596,False,0.175513,0.012663,0.09596,2.24101,1.669519,0.243251
complete,27,50,1225,1.0,True,1.0,0.0,1.0,1.0,1.005191,0.0
unit_disk,27,100,550,0.111111,False,0.646782,0.02665,0.111111,3.611717,3.095296,0.627595
unit_disk,27,100,1081,0.218384,False,0.697178,0.014475,0.218384,2.418586,1.977685,0.487701
grid_2d,27,100,180,0.036364,False,0.0,0.057823,0.036364,6.666667,0.0,0.633549
grid_2d,27,225,420,0.016667,False,0.0,0.040359,0.016667,10.0,0.0,0.720779
dense_random,28,100,3463,0.699596,True,0.699106,0.003065,0.699596,1.300404,0.835056,0.042711
dense_random,28,100,4450,0.89899,True,0.89938,0.001031,0.89899,1.10101,0.932241,0.016436
powerlaw,28,100,291,0.058788,False,0.122294,0.016413,0.058788,2.608485,2.085162,0.341423
powerlaw,28,100,475,0.09596,False,0.199733,0.012329,0.09596,2.208283,1.928064,0.258595
complete,28,50,1225,1.0,True,1.0,0.0,1.0,1.0,1.005191,0.0
unit_disk,28,100,560,0.113131,False,0.646468,0.025968,0.113131,3.544848,3.072775,0.614192
unit_disk,28,100,1118,0.225859,False,0.697608,0.013886,0.225859,2.360808,1.939011,0.486483
grid_2d,28,100,180,0.036364,False,0.0,0.057823,0.036364,6.666667,0.0,0.633549
grid_2d,28,225,420,0.016667,False,0.0,0.040359,0.016667,10.0,0.0,0.720779
dense_random,29,100,3428,0.692525,True,0.691788,0.003137,0.692525,1.307475,0.832232,0.045873
dense_random,29,100,4441,0.897172,True,0.896682,0.001049,0.897172,1.102828,0.930213,0.018355
powerlaw,29,100,291,0.058788,False,0.129599,0.016026,0.058788,2.570505,2.242367,0.328238
powerlaw,29,100,475,0.09596,False,0.190237,0.012226,0.09596,2.198182,1.844831,0.247996
complete,29,50,1225,1.0,True,1.0,0.0,1.0,1.0,1.005191,0.0
unit_disk,29,100,519,0.104848,False,0.679126,0.032294,0.104848,4.164848,3.060841,0.671899
unit_disk,29,100,1048,0.211717,False,0.705125,0.014449,0.211717,2.41596,2.086503,0.521756
grid_2d,29,100,180,0.036364,False,0.0,0.057823,0.036364,6.666667,0.0,0.633549
grid_2d,29,225,420,0.016667,False,0.0,0.040359,0.016667,10.0,0.0,0.720779
dense_random,30,100,3512,0.709495,True,0.710826,0.002964,0.709495,1.290505,0.840843,0.041206
dense_random,30,100,4457,0.900404,True,0.901206,0.001016,0.900404,1.099596,0.93354,0.017932
powerlaw,30,100,291,0.058788,False,0.121519,0.016153,0.058788,2.58303,2.092373,0.33106
powerlaw,30,100,475,0.09596,False,0.214736,0.011956,0.09596,2.171717,2.10779,0.231745
complete,30,50,1225,1.0,True,1.0,0.0,1.0,1.0,1.005191,0.0
unit_disk,30,100,540,0.109091,False,0.62728,0.026011,0.109091,3.549091,3.135501,0.612562
unit_disk,30,100,1120,0.226263,False,0.686503,0.013259,0.226263,2.299394,1.954486,0.457034
grid_2d,30,100,180,0.036364,False,0.0,0.057823,0.036364,6.666667,0.0,0.633549
grid_2d,30,225,420,0.016667,False,0.0,0.040359,0.016667,10.0,0.0,0.720779
dense_random,31,100,3422,0.691313,True,0.690764,0.00315,0.691313,1.308687,0.832032,0.045997
dense_random,31,100,4440,0.89697,True,0.896636,0.001051,0.89697,1.10303,0.93025,0.014859
powerlaw,31,100,291,0.058788,False,0.180813,0.015294,0.058788,2.498788,3.218291,0.324772
powerlaw,31,100,475,0.09596,False,0.175752,0.012515,0.09596,2.226465,1.682716,0.250992
complete,31,50,1225,1.0,True,1.0,0.0,1.0,1.0,1.005191,0.0
unit_disk,31,100,533,0.107677,False,0.656879,0.028501,0.107677,3.793131,3.129715,0.639782
unit_disk,31,100,1090,0.220202,False,0.691675,0.013873,0.220202,2.359596,1.989156,0.500909
grid_2d,31,100,180,0.036364,False,0.0,0.057823,0.036364,6.666667,0.0,0.633549
grid_2d,31,225,420,0.016667,False,0.0,0.040359,0.016667,10.0,0.0,0.720779
dense_random,32,100,3414,0.689697,True,0.690187,0.003166,0.689697,1.310303,0.832717,0.04864
dense_random,32,100,4477,0.904444,True,0.905009,0.000975,0.904444,1.095556,0.9358,0.013779
powerlaw,32,100,291,0.058788,False,0.20392,0.016052,0.058788,2.573131,3.524696,0.336758
powerlaw,32,100,475,0.09596,False,0.205132,0.012288,0.09596,2.204242,1.983808,0.245855
complete,32,50,1225,1.0,True,1.0,0.0,1.0,1.0,1.005191,0.0
unit_disk,32,100,440,0.088889,False,0.676171,0.033915,0.088889,4.323636,3.725598,0.673662
unit_disk,32,100,910,0.183838,False,0.686991,0.016766,0.183838,2.64303,2.244127,0.525702
grid_2d,32,100,180,0.036364,False,0.0,0.057823,0.036364,6.666667,0.0,0.633549
grid_2d,32,225,420,0.016667,False,0.0,0.040359,0.016667,10.0,0.0,0.720779
dense_random,33,100,3462,0.699394,True,0.698411,0.003067,0.699394,1.300606,0.834394,0.046357
dense_random,33,100,4443,0.897576,True,0.897557,0.001045,0.897576,1.102424,0.930949,0.018373
powerlaw,33,100,291,0.058788,False,0.127426,0.016526,0.058788,2.619596,2.163463,0.355428
powerlaw,33,100,475,0.09596,False,0.178316,0.01255,0.09596,2.229899,1.704632,0.263178
complete,33,50,1225,1.0,True,1.0,0.0,1.0,1.0,1.005191,0.0
unit_disk,33,100,526,0.106263,False,0.643174,0.02925,0.106263,3.866465,3.06342,0.620777
unit_disk,33,100,1046,0.211313,False,0.699341,0.014892,0.211313,2.459394,2.038009,0.48982
grid_2d,33,100,180,0.036364,False,0.0,0.057823,0.036364,6.666667,0.0,0.633549
grid_2d,33,225,420,0.016667,False,0.0,0.040359,0.016667,10.0,0.0,0.720779
dense_random,34,100,3510,0.709091,True,0.710088,0.002968,0.709091,1.290909,0.840299,0.043905
dense_random,34,100,4462,0.901414,True,0.901103,0.001006,0.901414,1.098586,0.933011,0.018402
powerlaw,34,100,291,0.058788,False,0.141959,0.016287,0.058788,2.596162,2.431955,0.342928
powerlaw,34,100,475,0.09596,False,0.177455,0.012773,0.09596,2.251717,1.679965,0.251198
complete,34,50,1225,1.0,True,1.0,0.0,1.0,1.0,1.005191,0.0
unit_disk,34,100,534,0.107879,False,0.640104,0.026489,0.107879,3.59596,3.208449,0.605832
unit_disk,34,100,1098,0.221818,False,0.682307,0.013816,0.221818,2.353939,1.947976,0.463477
grid_2d,34,100,180,0.036364,False,0.0,0.057823,0.036364,6.666667,0.0,0.633549
grid_2d,34,225,420,0.016667,False,0.0,0.040359,0.016667,10.0,0.0,0.720779
dense_random,35,100,3464,0.699798,True,0.698397,0.003063,0.699798,1.300202,0.834042,0.041164
dense_random,35,100,4449,0.898788,True,0.898458,0.001033,0.898788,1.101212,0.931371,0.018626
powerlaw,35,100,291,0.058788,False,0.132557,0.016411,0.058788,2.608283,2.26034,0.343737
powerlaw,35,100,475,0.09596,False,0.16425,0.012692,0.09596,2.243838,1.560413,0.261618
complete,35,50,1225,1.0,True,1.0,0.0,1.0,1.0,1.005191,0.0
unit_disk,35,100,526,0.106263,False,0.646721,0.027363,0.106263,3.681616,3.234969,0.579553
unit_disk,35,100,1099,0.22202,False,0.681422,0.013873,0.22202,2.359596,1.938451,0.429842
grid_2d,35,100,180,0.036364,False,0.0,0.057823,0.036364,6.666667,0.0,0.633549
grid_2d,35,225,420,0.016667,False,0.0,0.040359,0.016667,10.0,0.0,0.720779
dense_random,36,100,3475,0.70202,True,0.703106,0.003041,0.70202,1.29798,0.837813,0.04198
dense_random,36,100,4468,0.902626,True,0.902755,0.000994,0.902626,1.097374,0.934218,0.014389
powerlaw,36,100,291,0.058788,False,0.178431,0.015912,0.058788,2.559394,3.100691,0.35518
powerlaw,36,100,475,0.09596,False,0.202299,0.01256,0.09596,2.230909,1.933028,0.259716
complete,36,50,1225,1.0,True,1.0,0.0,1.0,1.0,1.005191,0.0
unit_disk,36,100,520,0.105051,False,0.645966,0.026737,0.105051,3.620202,3.340208,0.629589
unit_disk,36,100,1078,0.217778,False,0.669499,0.013878,0.217778,2.36,1.953499,0.436946
grid_2d,36,100,180,0.036364,False,0.0,0.057823,0.036364,6.666667,0.0,0.633549
grid_2d,36,225,420,0.016667,False,0.0,0.040359,0.016667,10.0,0.0,0.720779
dense_random,37,100,3484,0.703838,True,0.702839,0.003022,0.703838,1.296162,0.835994,0.044944
dense_random,37,100,4467,0.902424,True,0.902231,0.000996,0.902424,1.097576,0.933759,0.016308
powerlaw,37,100,291,0.058788,False,0.134485,0.016557,0.058788,2.622626,2.280676,0.360016
powerlaw,37,100,475,0.09596,False,0.188937,0.012756,0.09596,2.250101,1.789951,0.271182
complete,37,50,1225,1.0,True,1.0,0.0,1.0,1.0,1.005191,0.0
unit_disk,37,100,532,0.107475,False,0.671077,0.028359,0.107475,3.779192,3.21774,0.629763
unit_disk,37,100,1046,0.211313,False,0.704707,0.014704,0.211313,2.44101,2.069112,0.504293
grid_2d,37,100,180,0.036364,False,0.0,0.057823,0.036364,6.666667,0.0,0.633549
grid_2d,37,225,420,0.016667,False,0.0,0.040359,0.016667,10.0,0.0,0.720779
dense_random,38,100,3448,0.696566,True,0.696345,0.003096,0.696566,1.303434,0.834289,0.043495
dense_random,38,100,4438,0.896566,True,0.896701,0.001055,0.896566,1.103434,0.93049,0.01795
powerlaw,38,100,291,0.058788,False,0.206213,0.016248,0.058788,2.592323,3.537946,0.340572
powerlaw,38,100,475,0.09596,False,0.173992,0.012397,0.09596,2.214949,1.674527,0.231949
complete,38,50,1225,1.0,True,1.0,0.0,1.0,1.0,1.005191,0.0
unit_disk,38,100,575,0.116162,False,0.633493,0.026735,0.116162,3.62,2.840594,0.62581
unit_disk,38,100,1152,0.232727,False,0.693915,0.013342,0.232727,2.307475,1.896797,0.467203
grid_2d,38,100,180,0.036364,False,0.0,0.057823,0.036364,6.666667,0.0,0.633549
grid_2d,38,225,420,0.016667,False,0.0,0.040359,0.016667,10.0,0.0,0.720779
dense_random,39,100,3489,0.704848,True,0.704586,0.003012,0.704848,1.295152,0.837241,0.041604
dense_random,39,100,4500,0.909091,True,0.909378,0.000928,0.909091,1.090909,0.938426,0.015624
powerlaw,39,100,291,0.058788,False,0.185209,0.014774,0.058788,2.447879,3.365098,0.324364
powerlaw,39,100,475,0.09596,False,0.195691,0.012513,0.09596,2.226263,1.873782,0.243754
complete,39,50,1225,1.0,True,1.0,0.0,1.0,1.0,1.005191,0.0
unit_disk,39,100,510,0.10303,False,0.662634,0.028819,0.10303,3.824242,3.334835,0.648158
unit_disk,39,100,1057,0.213535,False,0.682181,0.014479,0.213535,2.41899,1.993314,0.454252
grid_2d,39,100,180,0.036364,False,0.0,0.057823,0.036364,6.666667,0.0,0.633549
grid_2d,39,225,420,0.016667,False,0.0,0.040359,0.016667,10.0,0.0,0.720779
dense_random,40,100,3508,0.708687,True,0.708508,0.002973,0.708687,1.291313,0.838756,0.040483
dense_random,40,100,4472,0.903434,True,0.90383,0.000985,0.903434,1.096566,0.934997,0.016975
powerlaw,40,100,291,0.058788,False,0.215194,0.015609,0.058788,2.529697,3.78344,0.342285
powerlaw,40,100,475,0.09596,False,0.210169,0.012202,0.09596,2.195758,2.040374,0.234763
complete,40,50,1225,1.0,True,1.0,0.0,1.0,1.0,1.005191,0.0
unit_disk,40,100,471,0.095152,False,0.657102,0.03014,0.095152,3.953737,3.58639,0.641387
unit_disk,40,100,981,0.198182,False,0.683752,0.015133,0.198182,2.48303,2.149736,0.480605
grid_2d,40,100,180,0.036364,False,0.0,0.057823,0.036364,6.666667,0.0,0.633549
grid_2d,40,225,420,0.016667,False,0.0,0.040359,0.016667,10.0,0.0,0.720779
dense_random,41,100,3459,0.698788,True,0.698567,0.003074,0.698788,1.301212,0.835087,0.043349
dense_random,41,100,4459,0.900808,True,0.900666,0.001012,0.900808,1.099192,0.932812,0.017461
powerlaw,41,100,291,0.058788,False,0.182865,0.016184,0.058788,2.586061,3.144964,0.33537
powerlaw,41,100,475,0.09596,False,0.181874,0.01268,0.09596,2.242626,1.728779,0.254134
complete,41,50,1225,1.0,True,1.0,0.0,1.0,1.0,1.005191,0.0
unit_disk,41,100,610,0.123232,False,0.665956,0.025547,0.123232,3.503636,2.839608,0.617197
unit_disk,41,100,1165,0.235354,False,0.720762,0.013605,0.235354,2.333333,1.919741,0.49948
grid_2d,41,100,180,0.036364,False,0.0,0.057823,0.036364,6.666667,0.0,0.633549
grid_2d,41,225,420,0.016667,False,0.0,0.040359,0.016667,10.0,0.0,0.720779
dense_random,42,100,3485,0.70404,True,0.704099,0.00302,0.70404,1.29596,0.837326,0.041175
dense_random,42,100,4472,0.903434,True,0.903498,0.000985,0.903434,1.096566,0.934653,0.015537
powerlaw,42,100,291,0.058788,False,0.187024,0.015461,0.058788,2.515152,3.307182,0.343743
powerlaw,42,100,475,0.09596,False,0.21254,0.011936,0.09596,2.169697,2.088173,0.233363
complete,42,50,1225,1.0,True,1.0,0.0,1.0,1.0,1.005191,0.0
unit_disk,42,100,505,0.10202,False,0.645033,0.029097,0.10202,3.851515,3.269051,0.629411
unit_disk,42,100,1050,0.212121,False,0.685067,0.014661,0.212121,2.436768,2.004754,0.496777
grid_2d,42,100,180,0.036364,False,0.0,0.057823,0.036364,6.666667,0.0,0.633549
grid_2d,42,225,420,0.016667,False,0.0,0.040359,0.016667,10.0,0.0,0.720779
dense_random,43,100,3507,0.708485,True,0.710314,0.002975,0.708485,1.291515,0.84106,0.044725
dense_random,43,100,4477,0.904444,True,0.904847,0.000975,0.904444,1.095556,0.935632,0.016247
powerlaw,43,100,291,0.058788,False,0.148732,0.016665,0.058788,2.633131,2.512218,0.348106
powerlaw,43,100,475,0.09596,False,0.186728,0.012536,0.09596,2.228485,1.786184,0.25469
complete,43,50,1225,1.0,True,1.0,0.0,1.0,1.0,1.005191,0.0
unit_disk,43,100,460,0.092929,False,0.643442,0.02938,0.092929,3.879192,3.70394,0.635475
unit_disk,43,100,1049,0.211919,False,0.671945,0.014244,0.211919,2.39596,2.002379,0.464651
grid_2d,43,100,180,0.036364,False,0.0,0.057823,0.036364,6.666667,0.0,0.633549
grid_2d,43,225,420,0.016667,False,0.0,0.040359,0.016667,10.0,0.0,0.720779
dense_random,44,100,3478,0.702626,True,0.702838,0.003034,0.702626,1.297374,0.836993,0.045361
dense_random,44,100,4457,0.900404,True,0.900565,0.001016,0.900404,1.099596,0.932876,0.015743
powerlaw,44,100,291,0.058788,False,0.140502,0.016557,0.058788,2.622626,2.382711,0.36024
powerlaw,44,100,475,0.09596,False,0.201898,0.012432,0.09596,2.218384,1.940081,0.247967
complete,44,50,1225,1.0,True,1.0,0.0,1.0,1.0,1.005191,0.0
unit_disk,44,100,508,0.102626,False,0.662514,0.028825,0.102626,3.824848,3.352497,0.63344
unit_disk,44,100,1009,0.203838,False,0.700815,0.015238,0.203838,2.493333,2.113404,0.526034
grid_2d,44,100,180,0.036364,False,0.0,0.057823,0.036364,6.666667,0.0,0.633549
grid_2d,44,225,420,0.016667,False,0.0,0.040359,0.016667,10.0,0.0,0.720779
dense_random,45,100,3448,0.696566,True,0.697249,0.003096,0.696566,1.303434,0.835372,0.048155
dense_random,45,100,4466,0.902222,True,0.901952,0.000998,0.902222,1.097778,0.933554,0.016253
powerlaw,45,100,291,0.058788,False,0.194553,0.016378,0.058788,2.605051,3.3216,0.355593
powerlaw,45,100,475,0.09596,False,0.172407,0.012641,0.09596,2.238788,1.641598,0.2304
complete,45,50,1225,1.0,True,1.0,0.0,1.0,1.0,1.005191,0.0
unit_disk,45,100,503,0.101616,False,0.651505,0.027712,0.101616,3.715758,3.441998,0.622355
unit_disk,45,100,1097,0.221616,False,0.68367,0.014127,0.221616,2.384444,1.929224,0.452146
grid_2d,45,100,180,0.036364,False,0.0,0.057823,0.036364,6.666667,0.0,0.633549
grid_2d,45,225,420,0.016667,False,0.0,0.040359,0.016667,10.0,0.0,0.720779
dense_random,46,100,3440,0.694949,True,0.694507,0.003113,0.694949,1.305051,0.833447,0.044521
dense_random,46,100,4441,0.897172,True,0.897281,0.001049,0.897172,1.102828,0.930834,0.016602
powerlaw,46,100,291,0.058788,False,0.170007,0.015471,0.058788,2.516162,3.005056,0.337785
powerlaw,46,100,475,0.09596,False,0.174006,0.012303,0.09596,2.205657,1.681715,0.23598
complete,46,50,1225,1.0,True,1.0,0.0,1.0,1.0,1.005191,0.0
unit_disk,46,100,513,0.103636,False,0.656089,0.030501,0.103636,3.989091,3.139006,0.638018
unit_disk,46,100,995,0.20101,False,0.698518,0.015807,0.20101,2.549091,2.099156,0.511131
grid_2d,46,100,180,0.036364,False,0.0,0.057823,0.036364,6.666667,0.0,0.633549
grid_2d,46,225,420,0.016667,False,0.0,0.040359,0.016667,10.0,0.0,0.720779
dense_random,47,100,3477,0.702424,True,0.703632,0.003036,0.702424,1.297576,0.838105,0.043423
dense_random,47,100,4442,0.897374,True,0.897167,0.001047,0.897374,1.102626,0.93063,0.018162
powerlaw,47,100,291,0.058788,False,0.144753,0.01624,0.058788,2.591515,2.484274,0.334922
powerlaw,47,100,475,0.09596,False,0.17762,0.012678,0.09596,2.242424,1.688497,0.24784
complete,47,50,1225,1.0,True,1.0,0.0,1.0,1.0,1.005191,0.0
unit_disk,47,100,510,0.10303,False,0.655381,0.028773,0.10303,3.819798,3.302168,0.659596
unit_disk,47,100,1021,0.206263,False,0.696935,0.014653,0.206263,2.43596,2.11759,0.477014
grid_2d,47,100,180,0.036364,False,0.0,0.057823,0.036364,6.666667,0.0,0.633549
grid_2d,47,225,420,0.016667,False,0.0,0.040359,0.016667,10.0,0.0,0.720779
dense_random,48,100,3426,0.692121,True,0.691994,0.003142,0.692121,1.307879,0.832824,0.043546
dense_random,48,100,4425,0.893939,True,0.894247,0.001082,0.893939,1.106061,0.929068,0.017231
powerlaw,48,100,291,0.058788,False,0.112325,0.016502,0.058788,2.617172,1.908842,0.345603
powerlaw,48,100,475,0.09596,False,0.222919,0.011987,0.09596,2.174747,2.185062,0.246675
complete,48,50,1225,1.0,True,1.0,0.0,1.0,1.0,1.005191,0.0
unit_disk,48,100,493,0.099596,False,0.64091,0.028578,0.099596,3.800606,3.407216,0.652331
unit_disk,48,100,1006,0.203232,False,0.680461,0.014704,0.203232,2.44101,2.104347,0.523877
grid_2d,48,100,180,0.036364,False,0.0,0.057823,0.036364,6.666667,0.0,0.633549
grid_2d,48,225,420,0.016667,False,0.0,0.040359,0.016667,10.0,0.0,0.720779
dense_random,49,100,3503,0.707677,True,0.708668,0.002983,0.707677,1.292323,0.839769,0.044605
dense_random,49,100,4456,0.900202,True,0.90003,0.001018,0.900202,1.099798,0.932406,0.017973
powerlaw,49,100,291,0.058788,False,0.161487,0.016368,0.058788,2.60404,2.758128,0.364592
powerlaw,49,100,475,0.09596,False,0.205584,0.01243,0.09596,2.218182,1.975686,0.248146
complete,49,50,1225,1.0,True,1.0,0.0,1.0,1.0,1.005191,0.0
unit_disk,49,100,525,0.106061,False,0.680847,0.032354,0.106061,4.170707,3.014459,0.68345
unit_disk,49,100,1031,0.208283,False,0.714916,0.015125,0.208283,2.482222,2.104264,0.538079
grid_2d,49,100,180,0.036364,False,0.0,0.057823,0.036364,6.666667,0.0,0.633549
grid_2d,49,225,420,0.016667,False,0.0,0.040359,0.016667,10.0,0.0,0.720779
dense_random,50,100,3484,0.703838,True,0.705549,0.003022,0.703838,1.296162,0.839216,0.044421
dense_random,50,100,4467,0.902424,True,0.90231,0.000996,0.902424,1.097576,0.933842,0.015544
powerlaw,50,100,291,0.058788,False,0.170121,0.015727,0.058788,2.541212,2.97743,0.350332
powerlaw,50,100,475,0.09596,False,0.183709,0.012653,0.09596,2.24,1.748267,0.250825
complete,50,50,1225,1.0,True,1.0,0.0,1.0,1.0,1.005191,0.0
unit_disk,50,100,506,0.102222,False,0.625521,0.029427,0.102222,3.883838,3.134884,0.599127
unit_disk,50,100,1023,0.206667,False,0.682666,0.01444,0.206667,2.415152,2.086661,0.475224
grid_2d,50,100,180,0.036364,False,0.0,0.057823,0.036364,6.666667,0.0,0.633549
grid_2d,50,225,420,0.016667,False,0.0,0.040359,0.016667,10.0,0.0,0.720779
dense_random,51,100,3412,0.689293,True,0.689028,0.00317,0.689293,1.310707,0.831665,0.041277
dense_random,51,100,4474,0.903838,True,0.904042,0.000981,0.903838,1.096162,0.935049,0.014084
powerlaw,51,100,291,0.058788,False,0.136217,0.016469,0.058788,2.613939,2.317723,0.350858
powerlaw,51,100,475,0.09596,False,0.208686,0.012296,0.09596,2.205051,2.01744,0.245813
complete,51,50,1225,1.0,True,1.0,0.0,1.0,1.0,1.005191,0.0
unit_disk,51,100,554,0.111919,False,0.694282,0.029608,0.111919,3.901616,3.04433,0.657063
unit_disk,51,100,1041,0.210303,False,0.718148,0.014803,0.210303,2.450707,2.113649,0.477808
grid_2d,51,100,180,0.036364,False,0.0,0.057823,0.036364,6.666667,0.0,0.633549
grid_2d,51,225,420,0.016667,False,0.0,0.040359,0.016667,10.0,0.0,0.720779
dense_random,52,100,3483,0.703636,True,0.70312,0.003024,0.703636,1.296364,0.836495,0.0424
dense_random,52,100,4467,0.902424,True,0.902226,0.000996,0.902424,1.097576,0.933754,0.014074
powerlaw,52,100,291,0.058788,False,0.159548,0.015918,0.058788,2.56,2.771888,0.330275
powerlaw,52,100,475,0.09596,False,0.190749,0.012597,0.09596,2.234545,1.819697,0.252507
complete,52,50,1225,1.0,True,1.0,0.0,1.0,1.0,1.005191,0.0
unit_disk,52,100,506,0.102222,False,0.654885,0.029509,0.102222,3.891919,3.27523,0.657093
unit_disk,52,100,1030,0.208081,False,0.705005,0.015329,0.208081,2.502222,2.061165,0.536144
grid_2d,52,100,180,0.036364,False,0.0,0.057823,0.036364,6.666667,0.0,0.633549
grid_2d,52,225,420,0.016667,False,0.0,0.040359,0.016667,10.0,0.0,0.720779
dense_random,53,100,3461,0.699192,True,0.699668,0.003069,0.699192,1.300808,0.836065,0.042808
dense_random,53,100,4452,0.899394,True,0.89957,0.001027,0.899394,1.100606,0.932268,0.017435
powerlaw,53,100,291,0.058788,False,0.141991,0.016353,0.058788,2.602626,2.426458,0.339474
powerlaw,53,100,475,0.09596,False,0.191816,0.01243,0.09596,2.218182,1.843371,0.256177
complete,53,50,1225,1.0,True,1.0,0.0,1.0,1.0,1.005191,0.0
unit_disk,53,100,611,0.123434,False,0.646615,0.023269,0.123434,3.280404,2.938019,0.542852
unit_disk,53,100,1254,0.253333,False,0.692654,0.012251,0.253333,2.200606,1.775793,0.383496
grid_2d,53,100,180,0.036364,False,0.0,0.057823,0.036364,6.666667,0.0,0.633549
grid_2d,53,225,420,0.016667,False,0.0,0.040359,0.016667,10.0,0.0,0.720779
dense_random,54,100,3422,0.691313,True,0.690937,0.00315,0.691313,1.308687,0.83224,0.043193
dense_random,54,100,4447,0.898384,True,0.898,0.001037,0.898384,1.101616,0.931066,0.016916
powerlaw,54,100,291,0.058788,False,0.11999,0.016261,0.058788,2.593535,2.057672,0.345745
powerlaw,54,100,475,0.09596,False,0.238773,0.012212,0.09596,2.196768,2.317006,0.253044
complete,54,50,1225,1.0,True,1.0,0.0,1.0,1.0,1.005191,0.0
unit_disk,54,100,503,0.101616,False,0.64338,0.02954,0.101616,3.894949,3.242694,0.614494
unit_disk,54,100,1056,0.213333,False,0.692413,0.014339,0.213333,2.405253,2.037324,0.465113
grid_2d,54,100,180,0.036364,False,0.0,0.057823,0.036364,6.666667,0.0,0.633549
grid_2d,54,225,420,0.016667,False,0.0,0.040359,0.016667,10.0,0.0,0.720779
dense_random,55,100,3455,0.69798,True,0.697378,0.003082,0.69798,1.30202,0.834339,0.046125
dense_random,55,100,4458,0.900606,True,0.900691,0.001014,0.900606,1.099394,0.932922,0.013698
powerlaw,55,100,291,0.058788,False,0.195025,0.016164,0.058788,2.58404,3.356724,0.353302
powerlaw,55,100,475,0.09596,False,0.171668,0.012647,0.09596,2.239394,1.634124,0.255781
complete,55,50,1225,1.0,True,1.0,0.0,1.0,1.0,1.005191,0.0
unit_disk,55,100,540,0.109091,False,0.630863,0.02576,0.109091,3.524444,3.175464,0.582162
unit_disk,55,100,1158,0.233939,False,0.681446,0.012983,0.233939,2.272323,1.878618,0.44554
grid_2d,55,100,180,0.036364,False,0.0,0.057823,0.036364,6.666667,0.0,0.633549
grid_2d,55,225,420,0.016667,False,0.0,0.040359,0.016667,10.0,0.0,0.720779
dense_random,56,100,3436,0.694141,True,0.69448,0.003121,0.694141,1.305859,0.834098,0.043039
dense_random,56,100,4429,0.894747,True,0.895164,0.001074,0.894747,1.105253,0.929672,0.017572
powerlaw,56,100,291,0.058788,False,0.163474,0.016271,0.058788,2.594545,2.802283,0.350498
powerlaw,56,100,475,0.09596,False,0.195438,0.012342,0.09596,2.209495,1.885563,0.244033
complete,56,50,1225,1.0,True,1.0,0.0,1.0,1.0,1.005191,0.0
unit_disk,56,100,511,0.103232,False,0.666607,0.029109,0.103232,3.852727,3.320709,0.656383
unit_disk,56,100,1038,0.209697,False,0.689553,0.014632,0.209697,2.433939,2.051327,0.480496
grid_2d,56,100,180,0.036364,False,0.0,0.057823,0.036364,6.666667,0.0,0.633549
grid_2d,56,225,420,0.016667,False,0.0,0.040359,0.016667,10.0,0.0,0.720779
dense_random,57,100,3458,0.698586,True,0.698522,0.003076,0.698586,1.301414,0.835201,0.044328
dense_random,57,100,4441,0.897172,True,0.897015,0.001049,0.897172,1.102828,0.930557,0.014687
powerlaw,57,100,291,0.058788,False,0.164966,0.016322,0.058788,2.599596,2.822366,0.342834
powerlaw,57,100,475,0.09596,False,0.196369,0.012505,0.09596,2.225455,1.880957,0.258817
complete,57,50,1225,1.0,True,1.0,0.0,1.0,1.0,1.005191,0.0
unit_disk,57,100,478,0.096566,False,0.639306,0.028237,0.096566,3.767273,3.584762,0.623085
unit_disk,57,100,1052,0.212525,False,0.66523,0.014051,0.212525,2.37697,1.990639,0.442512
grid_2d,57,100,180,0.036364,False,0.0,0.057823,0.036364,6.666667,0.0,0.633549
grid_2d,57,225,420,0.016667,False,0.0,0.040359,0.016667,10.0,0.0,0.720779
dense_random,58,100,3438,0.694545,True,0.694729,0.003117,0.694545,1.305455,0.834055,0.048602
dense_random,58,100,4429,0.894747,True,0.894688,0.001074,0.894747,1.105253,0.929178,0.01684
powerlaw,58,100,291,0.058788,False,0.143118,0.016343,0.058788,2.601616,2.446664,0.347469
powerlaw,58,100,475,0.09596,False,0.164082,0.01281,0.09596,2.255354,1.550861,0.260915
complete,58,50,1225,1.0,True,1.0,0.0,1.0,1.0,1.005191,0.0
unit_disk,58,100,512,0.103434,False,0.646178,0.028178,0.103434,3.761414,3.287882,0.64839
unit_disk,58,100,1035,0.209091,False,0.685547,0.014115,0.209091,2.383232,2.090835,0.476364
grid_2d,58,100,180,0.036364,False,0.0,0.057823,0.036364,6.666667,0.0,0.633549
grid_2d,58,225,420,0.016667,False,0.0,0.040359,0.016667,10.0,0.0,0.720779
dense_random,59,100,3469,0.700808,True,0.699909,0.003053,0.700808,1.299192,0.835008,0.042198
dense_random,59,100,4456,0.900202,True,0.899796,0.001018,0.900202,1.099798,0.932164,0.017737
powerlaw,59,100,291,0.058788,False,0.14056,0.016277,0.058788,2.595152,2.40892,0.34229
powerlaw,59,100,475,0.09596,False,0.181923,0.012606,0.09596,2.235354,1.734871,0.258777
complete,59,50,1225,1.0,True,1.0,0.0,1.0,1.0,1.005191,0.0
unit_disk,59,100,492,0.099394,False,0.639426,0.028949,0.099394,3.83697,3.37695,0.650095
unit_disk,59,100,1031,0.208283,False,0.691966,0.014453,0.208283,2.416364,2.092225,0.509827
grid_2d,59,100,180,0.036364,False,0.0,0.057823,0.036364,6.666667,0.0,0.633549
grid_2d,59,225,420,0.016667,False,0.0,0.040359,0.016667,10.0,0.0,0.720779
dense_random,60,100,3470,0.70101,True,0.701744,0.003051,0.70101,1.29899,0.837028,0.044897
dense_random,60,100,4489,0.906869,True,0.907119,0.00095,0.906869,1.093131,0.936991,0.016072
powerlaw,60,100,291,0.058788,False,0.115189,0.016813,0.058788,2.647677,1.934946,0.339279
powerlaw,60,100,475,0.09596,False,0.199401,0.012369,0.09596,2.212121,1.921517,0.248835
complete,60,50,1225,1.0,True,1.0,0.0,1.0,1.0,1.005191,0.0
unit_disk,60,100,539,0.108889,False,0.669643,0.027454,0.108889,3.690505,3.227483,0.62126
unit_disk,60,100,1117,0.225657,False,0.700504,0.013618,0.225657,2.334545,1.971293,0.4481
grid_2d,60,100,180,0.036364,False,0.0,0.057823,0.036364,6.666667,0.0,0.633549
grid_2d,60,225,420,0.016667,False,0.0,0.040359,0.016667,10.0,0.0,0.720779
dense_random,61,100,3478,0.702626,True,0.701835,0.003034,0.702626,1.297374,0.835797,0.041179
dense_random,61,100,4461,0.901212,True,0.901564,0.001008,0.901212,1.098788,0.933573,0.01858
powerlaw,61,100,291,0.058788,False,0.116572,0.016357,0.058788,2.60303,1.991767,0.348986
powerlaw,61,100,475,0.09596,False,0.206909,0.012536,0.09596,2.228485,1.979229,0.255391
complete,61,50,1225,1.0,True,1.0,0.0,1.0,1.0,1.005191,0.0
unit_disk,61,100,599,0.12101,False,0.675206,0.025706,0.12101,3.519192,2.940349,0.558865
unit_disk,61,100,1155,0.233333,False,0.700928,0.013373,0.233333,2.310505,1.906903,0.441045
grid_2d,61,100,180,0.036364,False,0.0,0.057823,0.036364,6.666667,0.0,0.633549
grid_2d,61,225,420,0.016667,False,0.0,0.040359,0.016667,10.0,0.0,0.720779
dense_random,62,100,3421,0.691111,True,0.692217,0.003152,0.691111,1.308889,0.833954,0.049503
dense_random,62,100,4455,0.9,True,0.90036,0.00102,0.9,1.1,0.932832,0.015827
powerlaw,62,100,291,0.058788,False,0.149609,0.016388,0.058788,2.606061,2.553279,0.340897
powerlaw,62,100,475,0.09596,False,0.187591,0.012443,0.09596,2.219394,1.801781,0.251417
complete,62,50,1225,1.0,True,1.0,0.0,1.0,1.0,1.005191,0.0
unit_disk,62,100,488,0.098586,False,0.668898,0.029307,0.098586,3.872121,3.54187,0.645639
unit_disk,62,100,1062,0.214545,False,0.68748,0.014284,0.214545,2.399798,2.012217,0.434432
grid_2d,62,100,180,0.036364,False,0.0,0.057823,0.036364,6.666667,0.0,0.633549
grid_2d,62,225,420,0.016667,False,0.0,0.040359,0.016667,10.0,0.0,0.720779
dense_random,63,100,3469,0.700808,True,0.701469,0.003053,0.700808,1.299192,0.836868,0.041045
dense_random,63,100,4455,0.9,True,0.900102,0.00102,0.9,1.1,0.932565,0.018147
powerlaw,63,100,291,0.058788,False,0.158736,0.016269,0.058788,2.594343,2.721278,0.343737
powerlaw,63,100,475,0.09596,False,0.197949,0.012408,0.09596,2.21596,1.904216,0.253753
complete,63,50,1225,1.0,True,1.0,0.0,1.0,1.0,1.005191,0.0
unit_disk,63,100,573,0.115758,False,0.653293,0.023937,0.115758,3.345859,3.184998,0.56493
unit_disk,63,100,1203,0.24303,False,0.688374,0.012649,0.24303,2.239596,1.831208,0.386468
grid_2d,63,100,180,0.036364,False,0.0,0.057823,0.036364,6.666667,0.0,0.633549
grid_2d,63,225,420,0.016667,False,0.0,0.040359,0.016667,10.0,0.0,0.720779
dense_random,64,100,3453,0.697576,True,0.699003,0.003086,0.697576,1.302424,0.836623,0.046918
dense_random,64,100,4421,0.893131,True,0.893454,0.00109,0.893131,1.106869,0.928592,0.019001
powerlaw,64,100,291,0.058788,False,0.147238,0.016337,0.058788,2.60101,2.517699,0.352121
powerlaw,64,100,475,0.09596,False,0.192477,0.012371,0.09596,2.212323,1.854622,0.246287
complete,64,50,1225,1.0,True,1.0,0.0,1.0,1.0,1.005191,0.0
unit_disk,64,100,490,0.09899,False,0.651374,0.027122,0.09899,3.65798,3.62957,0.643332
unit_disk,64,100,1029,0.207879,False,0.675382,0.014578,0.207879,2.428687,2.036977,0.500714
grid_2d,64,100,180,0.036364,False,0.0,0.057823,0.036364,6.666667,0.0,0.633549
grid_2d,64,225,420,0.016667,False,0.0,0.040359,0.016667,10.0,0.0,0.720779
dense_random,65,100,3409,0.688687,True,0.689662,0.003177,0.688687,1.311313,0.832953,0.041649
dense_random,65,100,4419,0.892727,True,0.892653,0.001095,0.892727,1.107273,0.927935,0.019348
powerlaw,65,100,291,0.058788,False,0.140411,0.016079,0.058788,2.575758,2.424485,0.337443
powerlaw,65,100,475,0.09596,False,0.186873,0.012441,0.09596,2.219192,1.795055,0.241443
complete,65,50,1225,1.0,True,1.0,0.0,1.0,1.0,1.005191,0.0
unit_disk,65,100,522,0.105455,False,0.659832,0.027285,0.105455,3.673939,3.343638,0.610739
unit_disk,65,100,1054,0.212929,False,0.697716,0.014094,0.212929,2.381212,2.078881,0.489705
grid_2d,65,100,180,0.036364,False,0.0,0.057823,0.036364,6.666667,0.0,0.633549
grid_2d,65,225,420,0.016667,False,0.0,0.040359,0.016667,10.0,0.0,0.720779
dense_random,66,100,3478,0.702626,True,0.703562,0.003034,0.702626,1.297374,0.837854,0.041044
dense_random,66,100,4468,0.902626,True,0.902421,0.000994,0.902626,1.097374,0.933873,0.01746
powerlaw,66,100,291,0.058788,False,0.163898,0.016382,0.058788,2.605455,2.797784,0.347935
powerlaw,66,100,475,0.09596,False,0.213686,0.012418,0.09596,2.21697,2.054667,0.259233
complete,66,50,1225,1.0,True,1.0,0.0,1.0,1.0,1.005191,0.0
unit_disk,66,100,507,0.102424,False,0.644392,0.028916,0.102424,3.833737,3.262428,0.648999
unit_disk,66,100,1033,0.208687,False,0.678926,0.014884,0.208687,2.458586,2.012347,0.506041
grid_2d,66,100,180,0.036364,False,0.0,0.057823,0.036364,6.666667,0.0,0.633549
grid_2d,66,225,420,0.016667,False,0.0,0.040359,0.016667,10.0,0.0,0.720779
dense_random,67,100,3452,0.697374,True,0.69715,0.003088,0.697374,1.302626,0.834575,0.042834
dense_random,67,100,4445,0.89798,True,0.897472,0.001041,0.89798,1.10202,0.93069,0.015227
powerlaw,67,100,291,0.058788,False,0.15464,0.016347,0.058788,2.60202,2.643239,0.353267
powerlaw,67,100,475,0.09596,False,0.197161,0.012371,0.09596,2.212323,1.89976,0.243743
complete,67,50,1225,1.0,True,1.0,0.0,1.0,1.0,1.005191,0.0
unit_disk,67,100,484,0.097778,False,0.64564,0.029623,0.097778,3.90303,3.432069,0.647399
unit_disk,67,100,965,0.194949,False,0.674754,0.015349,0.194949,2.504242,2.150233,0.484512
grid_2d,67,100,180,0.036364,False,0.0,0.057823,0.036364,6.666667,0.0,0.633549
grid_2d,67,225,420,0.016667,False,0.0,0.040359,0.016667,10.0,0.0,0.720779
dense_random,68,100,3453,0.697576,True,0.698133,0.003086,0.697576,1.302424,0.835582,0.040005
dense_random,68,100,4462,0.901414,True,0.901095,0.001006,0.901414,1.098586,0.933003,0.01912
powerlaw,68,100,291,0.058788,False,0.17953,0.015997,0.058788,2.567677,3.109712,0.353562
powerlaw,68,100,475,0.09596,False,0.171295,0.012593,0.09596,2.234141,1.634407,0.244539
complete,68,50,1225,1.0,True,1.0,0.0,1.0,1.0,1.005191,0.0
unit_disk,68,100,543,0.109697,False,0.664826,0.027568,0.109697,3.701616,3.161282,0.62505
unit_disk,68,100,1117,0.225657,False,0.691977,0.013632,0.225657,2.33596,1.946119,0.478229
grid_2d,68,100,180,0.036364,False,0.0,0.057823,0.036364,6.666667,0.0,0.633549
grid_2d,68,225,420,0.016667,False,0.0,0.040359,0.016667,10.0,0.0,0.720779
dense_random,69,100,3491,0.705253,True,0.70494,0.003008,0.705253,1.294747,0.83733,0.046339
dense_random,69,100,4449,0.898788,True,0.898518,0.001033,0.898788,1.101212,0.931433,0.017964
powerlaw,69,100,291,0.058788,False,0.135221,0.015997,0.058788,2.567677,2.342227,0.344546
powerlaw,69,100,475,0.09596,False,0.259546,0.012096,0.09596,2.185455,2.531617,0.255111
complete,69,50,1225,1.0,True,1.0,0.0,1.0,1.0,1.005191,0.0
unit_disk,69,100,498,0.100606,False,0.656904,0.032179,0.100606,4.153535,3.149534,0.623577
unit_disk,69,100,1076,0.217374,False,0.68863,0.014181,0.217374,2.389697,1.989241,0.482887
grid_2d,69,100,180,0.036364,False,0.0,0.057823,0.036364,6.666667,0.0,0.633549
grid_2d,69,225,420,0.016667,False,0.0,0.040359,0.016667,10.0,0.0,0.720779
dense_random,70,100,3454,0.697778,True,0.696333,0.003084,0.697778,1.302222,0.833259,0.043903
dense_random,70,100,4448,0.898586,True,0.898654,0.001035,0.898586,1.101414,0.931659,0.017858
powerlaw,70,100,291,0.058788,False,0.191743,0.015914,0.058788,2.559596,3.33176,0.344068
powerlaw,70,100,475,0.09596,False,0.191056,0.012581,0.09596,2.232929,1.823942,0.255442
complete,70,50,1225,1.0,True,1.0,0.0,1.0,1.0,1.005191,0.0
unit_disk,70,100,515,0.10404,False,0.650785,0.029046,0.10404,3.846465,3.211174,0.649831
unit_disk,70,100,1034,0.208889,False,0.698046,0.014562,0.208889,2.427071,2.09319,0.490702
grid_2d,70,100,180,0.036364,False,0.0,0.057823,0.036364,6.666667,0.0,0.633549
grid_2d,70,225,420,0.016667,False,0.0,0.040359,0.016667,10.0,0.0,0.720779
dense_random,71,100,3452,0.697374,True,0.69654,0.003088,0.697374,1.302626,0.833845,0.040027
dense_random,71,100,4472,0.903434,True,0.903265,0.000985,0.903434,1.096566,0.934412,0.017636
powerlaw,71,100,291,0.058788,False,0.159732,0.016399,0.058788,2.607071,2.724977,0.377966
powerlaw,71,100,475,0.09596,False,0.171007,0.012426,0.09596,2.217778,1.643696,0.245387
complete,71,50,1225,1.0,True,1.0,0.0,1.0,1.0,1.005191,0.0
unit_disk,71,100,535,0.108081,False,0.598421,0.025331,0.108081,3.482424,3.089079,0.571774
unit_disk,71,100,1139,0.230101,False,0.678975,0.013098,0.230101,2.283636,1.903625,0.425329
grid_2d,71,100,180,0.036364,False,0.0,0.057823,0.036364,6.666667,0.0,0.633549
grid_2d,71,225,420,0.016667,False,0.0,0.040359,0.016667,10.0,0.0,0.720779
dense_random,72,100,3405,0.687879,True,0.687857,0.003185,0.687879,1.312121,0.831467,0.044941
dense_random,72,100,4436,0.896162,True,0.896559,0.00106,0.896162,1.103838,0.930514,0.016243
powerlaw,72,100,291,0.058788,False,0.16856,0.016141,0.058788,2.581818,2.903703,0.355387
powerlaw,72,100,475,0.09596,False,0.160234,0.012764,0.09596,2.250909,1.517481,0.250899
complete,72,50,1225,1.0,True,1.0,0.0,1.0,1.0,1.005191,0.0
unit_disk,72,100,506,0.102222,False,0.599713,0.02616,0.102222,3.563636,3.275598,0.578284
unit_disk,72,100,1080,0.218182,False,0.674625,0.013671,0.218182,2.339798,1.980579,0.462386
grid_2d,72,100,180,0.036364,False,0.0,0.057823,0.036364,6.666667,0.0,0.633549
grid_2d,72,225,420,0.016667,False,0.0,0.040359,0.016667,10.0,0.0,0.720779
dense_random,73,100,3497,0.706465,True,0.707435,0.002995,0.706465,1.293535,0.839298,0.045771
dense_random,73,100,4483,0.905657,True,0.906019,0.000963,0.905657,1.094343,0.936348,0.014224
powerlaw,73,100,291,0.058788,False,0.179276,0.016244,0.058788,2.591919,3.076281,0.365241
powerlaw,73,100,475,0.09596,False,0.174042,0.012754,0.09596,2.249899,1.648985,0.262298
complete,73,50,1225,1.0,True,1.0,0.0,1.0,1.0,1.005191,0.0
unit_disk,73,100,540,0.109091,False,0.681734,0.021311,0.109091,3.365134,3.080807,0.626461
unit_disk,73,100,1143,0.230909,False,0.683721,0.013057,0.230909,2.279596,1.911464,0.450818
grid_2d,73,100,180,0.036364,False,0.0,0.057823,0.036364,6.666667,0.0,0.633549
grid_2d,73,225,420,0.016667,False,0.0,0.040359,0.016667,10.0,0.0,0.720779
dense_random,74,100,3431,0.693131,True,0.691873,0.003131,0.693131,1.306869,0.83182,0.041143
dense_random,74,100,4436,0.896162,True,0.895979,0.00106,0.896162,1.103838,0.929913,0.015529
powerlaw,74,100,291,0.058788,False,0.168543,0.016487,0.058788,2.615758,2.865751,0.342869
powerlaw,74,100,475,0.09596,False,0.175053,0.012571,0.09596,2.231919,1.671921,0.259648
complete,74,50,1225,1.0,True,1.0,0.0,1.0,1.0,1.005191,0.0
unit_disk,74,100,566,0.114343,False,0.638072,0.027277,0.114343,3.673131,2.883201,0.52432
unit_disk,74,100,1185,0.239394,False,0.689354,0.014195,0.239394,2.391111,1.752008,0.366064
grid_2d,74,100,180,0.036364,False,0.0,0.057823,0.036364,6.666667,0.0,0.633549
grid_2d,74,225,420,0.016667,False,0.0,0.040359,0.016667,10.0,0.0,0.720779
dense_random,75,100,3469,0.700808,True,0.702162,0.003053,0.700808,1.299192,0.837695,0.044799
dense_random,75,100,4492,0.907475,True,0.907024,0.000944,0.907475,1.092525,0.936648,0.014239
powerlaw,75,100,291,0.058788,False,0.162331,0.016477,0.058788,2.614747,2.761184,0.357365
powerlaw,75,100,475,0.09596,False,0.218214,0.012195,0.09596,2.195152,2.119064,0.239098
complete,75,50,1225,1.0,True,1.0,0.0,1.0,1.0,1.005191,0.0
unit_disk,75,100,489,0.098788,False,0.619444,0.027297,0.098788,3.675152,3.445636,0.6182
unit_disk,75,100,1025,0.207071,False,0.669968,0.014508,0.207071,2.421818,2.036908,0.469064
grid_2d,75,100,180,0.036364,False,0.0,0.057823,0.036364,6.666667,0.0,0.633549
grid_2d,75,225,420,0.016667,False,0.0,0.040359,0.016667,10.0,0.0,0.720779
dense_random,76,100,3497,0.706465,True,0.705841,0.002995,0.706465,1.293535,0.837407,0.042927
dense_random,76,100,4465,0.90202,True,0.902152,0.001,0.90202,1.09798,0.933845,0.01573
powerlaw,76,100,291,0.058788,False,0.181423,0.015972,0.058788,2.565253,3.145471,0.345414
powerlaw,76,100,475,0.09596,False,0.158269,0.012719,0.09596,2.246465,1.501832,0.254176
complete,76,50,1225,1.0,True,1.0,0.0,1.0,1.0,1.005191,0.0
unit_disk,76,100,551,0.111313,False,0.63911,0.024974,0.111313,3.548916,3.011071,0.612546
unit_disk,76,100,1142,0.230707,False,0.708403,0.013432,0.230707,2.316364,1.951283,0.458244
grid_2d,76,100,180,0.036364,False,0.0,0.057823,0.036364,6.666667,0.0,0.633549
grid_2d,76,225,420,0.016667,False,0.0,0.040359,0.016667,10.0,0.0,0.720779
dense_random,77,100,3521,0.711313,True,0.710134,0.002946,0.711313,1.288687,0.838555,0.04246
dense_random,77,100,4496,0.908283,True,0.908791,0.000936,0.908283,1.091717,0.938145,0.014409
powerlaw,77,100,291,0.058788,False,0.181647,0.016182,0.058788,2.585859,3.124263,0.34046
powerlaw,77,100,475,0.09596,False,0.157903,0.012752,0.09596,2.249697,1.496212,0.256652
complete,77,50,1225,1.0,True,1.0,0.0,1.0,1.0,1.005191,0.0
unit_disk,77,100,486,0.098182,False,0.704967,0.033915,0.098182,4.323636,3.362858,0.712971
unit_disk,77,100,948,0.191515,False,0.713334,0.016357,0.191515,2.60303,2.23957,0.50753
grid_2d,77,100,180,0.036364,False,0.0,0.057823,0.036364,6.666667,0.0,0.633549
grid_2d,77,225,420,0.016667,False,0.0,0.040359,0.016667,10.0,0.0,0.720779
dense_random,78,100,3413,0.689495,True,0.68933,0.003168,0.689495,1.310505,0.831856,0.049041
dense_random,78,100,4425,0.893939,True,0.89385,0.001082,0.893939,1.106061,0.928655,0.016292
powerlaw,78,100,291,0.058788,False,0.165186,0.016077,0.058788,2.575556,2.852512,0.353934
powerlaw,78,100,475,0.09596,False,0.173675,0.012618,0.09596,2.236566,1.655312,0.274052
complete,78,50,1225,1.0,True,1.0,0.0,1.0,1.0,1.005191,0.0
unit_disk,78,100,488,0.098586,False,0.643652,0.027349,0.098586,3.680202,3.585924,0.631866
unit_disk,78,100,1085,0.219192,False,0.67575,0.013939,0.219192,2.366061,1.949889,0.431903
grid_2d,78,100,180,0.036364,False,0.0,0.057823,0.036364,6.666667,0.0,0.633549
grid_2d,78,225,420,0.016667,False,0.0,0.040359,0.016667,10.0,0.0,0.720779
dense_random,79,100,3508,0.708687,True,0.708355,0.002973,0.708687,1.291313,0.838576,0.039914
dense_random,79,100,4466,0.902222,True,0.902114,0.000998,0.902222,1.097778,0.933722,0.016884
powerlaw,79,100,291,0.058788,False,0.116936,0.016778,0.058788,2.644242,1.966851,0.350569
powerlaw,79,100,475,0.09596,False,0.234314,0.012169,0.09596,2.192525,2.278132,0.23891
complete,79,50,1225,1.0,True,1.0,0.0,1.0,1.0,1.005191,0.0
unit_disk,79,100,533,0.107677,False,0.64479,0.02643,0.107677,3.590101,3.245854,0.614608
unit_disk,79,100,1102,0.222626,False,0.700718,0.013958,0.222626,2.367879,1.979214,0.470871
grid_2d,79,100,180,0.036364,False,0.0,0.057823,0.036364,6.666667,0.0,0.633549
grid_2d,79,225,420,0.016667,False,0.0,0.040359,0.016667,10.0,0.0,0.720779
dense_random,80,100,3457,0.698384,True,0.696911,0.003078,0.698384,1.301616,0.833444,0.042526
dense_random,80,100,4447,0.898384,True,0.898085,0.001037,0.898384,1.101616,0.931155,0.016924
powerlaw,80,100,291,0.058788,False,0.170073,0.015081,0.058788,2.47798,3.052542,0.334024
powerlaw,80,100,475,0.09596,False,0.202167,0.012432,0.09596,2.218384,1.942669,0.255317
complete,80,50,1225,1.0,True,1.0,0.0,1.0,1.0,1.005191,0.0
unit_disk,80,100,491,0.099192,False,0.650822,0.030365,0.099192,4.036487,3.22246,0.66937
unit_disk,80,100,996,0.201212,False,0.703536,0.015182,0.201212,2.487879,2.163352,0.559646
grid_2d,80,100,180,0.036364,False,0.0,0.057823,0.036364,6.666667,0.0,0.633549
grid_2d,80,225,420,0.016667,False,0.0,0.040359,0.016667,10.0,0.0,0.720779
dense_random,81,100,3457,0.698384,True,0.697578,0.003078,0.698384,1.301616,0.834241,0.036871
dense_random,81,100,4471,0.903232,True,0.903346,0.000987,0.903232,1.096768,0.934579,0.015731
powerlaw,81,100,291,0.058788,False,0.228429,0.015397,0.058788,2.508889,4.049436,0.343176
powerlaw,81,100,475,0.09596,False,0.17568,0.012286,0.09596,2.20404,1.699132,0.237695
complete,81,50,1225,1.0,True,1.0,0.0,1.0,1.0,1.005191,0.0
unit_disk,81,100,536,0.108283,False,0.643278,0.027419,0.108283,3.687071,3.12801,0.628773
unit_disk,81,100,1102,0.222626,False,0.697802,0.013954,0.222626,2.367475,1.971314,0.49165
grid_2d,81,100,180,0.036364,False,0.0,0.057823,0.036364,6.666667,0.0,0.633549
grid_2d,81,225,420,0.016667,False,0.0,0.040359,0.016667,10.0,0.0,0.720779
dense_random,82,100,3431,0.693131,True,0.692694,0.003131,0.693131,1.306869,0.832808,0.042788
dense_random,82,100,4435,0.89596,True,0.895507,0.001062,0.89596,1.10404,0.929509,0.015194
powerlaw,82,100,291,0.058788,False,0.154078,0.016444,0.058788,2.611515,2.624052,0.3621
powerlaw,82,100,475,0.09596,False,0.170528,0.012517,0.09596,2.226667,1.632545,0.256162
complete,82,50,1225,1.0,True,1.0,0.0,1.0,1.0,1.005191,0.0
unit_disk,82,100,512,0.103434,False,0.692502,0.031746,0.103434,4.111111,3.223864,0.646811
unit_disk,82,100,1010,0.20404,False,0.705061,0.015382,0.20404,2.507475,2.111429,0.543145
grid_2d,82,100,180,0.036364,False,0.0,0.057823,0.036364,6.666667,0.0,0.633549
grid_2d,82,225,420,0.016667,False,0.0,0.040359,0.016667,10.0,0.0,0.720779
dense_random,83,100,3418,0.690505,True,0.689572,0.003158,0.690505,1.309495,0.831285,0.048924
dense_random,83,100,4444,0.897778,True,0.897735,0.001043,0.897778,1.102222,0.931048,0.017342
powerlaw,83,100,291,0.058788,False,0.117802,0.016267,0.058788,2.594141,2.01969,0.350586
powerlaw,83,100,475,0.09596,False,0.171483,0.012639,0.09596,2.238586,1.632946,0.243552
complete,83,50,1225,1.0,True,1.0,0.0,1.0,1.0,1.005191,0.0
unit_disk,83,100,517,0.104444,False,0.658664,0.027524,0.104444,3.697374,3.362439,0.637361
unit_disk,83,100,1055,0.213131,False,0.687631,0.014156,0.213131,2.387273,2.041058,0.50281
grid_2d,83,100,180,0.036364,False,0.0,0.057823,0.036364,6.666667,0.0,0.633549
grid_2d,83,225,420,0.016667,False,0.0,0.040359,0.016667,10.0,0.0,0.720779
dense_random,84,100,3442,0.695354,True,0.695377,0.003109,0.695354,1.304646,0.83415,0.045827
dense_random,84,100,4383,0.885455,True,0.885678,0.001169,0.885455,1.114545,0.923875,0.018184
powerlaw,84,100,291,0.058788,False,0.160106,0.016137,0.058788,2.581414,2.758504,0.34839
powerlaw,84,100,475,0.09596,False,0.213635,0.012348,0.09596,2.210101,2.060566,0.253529
complete,84,50,1225,1.0,True,1.0,0.0,1.0,1.0,1.005191,0.0
unit_disk,84,100,452,0.091313,False,0.715777,0.032566,0.091313,4.191515,3.911732,0.699646
unit_disk,84,100,967,0.195354,False,0.680521,0.015222,0.195354,2.491717,2.173482,0.494117
grid_2d,84,100,180,0.036364,False,0.0,0.057823,0.036364,6.666667,0.0,0.633549
grid_2d,84,225,420,0.016667,False,0.0,0.040359,0.016667,10.0,0.0,0.720779
dense_random,85,100,3443,0.695556,True,0.695664,0.003107,0.695556,1.304444,0.834323,0.047915
dense_random,85,100,4438,0.896566,True,0.896403,0.001055,0.896566,1.103434,0.93018,0.015555
powerlaw,85,100,291,0.058788,False,0.170121,0.016621,0.058788,2.628889,2.878128,0.344127
powerlaw,85,100,475,0.09596,False,0.191257,0.012517,0.09596,2.226667,1.830994,0.257879
complete,85,50,1225,1.0,True,1.0,0.0,1.0,1.0,1.005191,0.0
unit_disk,85,100,535,0.108081,False,0.674722,0.02779,0.108081,3.723434,3.257505,0.65775
unit_disk,85,100,1055,0.213131,False,0.711641,0.014471,0.213131,2.418182,2.085326,0.524379
grid_2d,85,100,180,0.036364,False,0.0,0.057823,0.036364,6.666667,0.0,0.633549
grid_2d,85,225,420,0.016667,False,0.0,0.040359,0.016667,10.0,0.0,0.720779
dense_random,86,100,3464,0.699798,True,0.701082,0.003063,0.699798,1.300202,0.837248,0.045612
dense_random,86,100,4474,0.903838,True,0.903965,0.000981,0.903838,1.096162,0.934969,0.016951
powerlaw,86,100,291,0.058788,False,0.148649,0.016188,0.058788,2.586465,2.556117,0.343749
powerlaw,86,100,475,0.09596,False,0.206054,0.01255,0.09596,2.229899,1.969794,0.265006
complete,86,50,1225,1.0,True,1.0,0.0,1.0,1.0,1.005191,0.0
unit_disk,86,100,532,0.107475,False,0.666968,0.026512,0.107475,3.598182,3.358919,0.649143
unit_disk,86,100,1112,0.224646,False,0.708361,0.013787,0.224646,2.351111,1.991135,0.486967
grid_2d,86,100,180,0.036364,False,0.0,0.057823,0.036364,6.666667,0.0,0.633549
grid_2d,86,225,420,0.016667,False,0.0,0.040359,0.016667,10.0,0.0,0.720779
dense_random,87,100,3454,0.697778,True,0.696457,0.003084,0.697778,1.302222,0.833407,0.044675
dense_random,87,100,4466,0.902222,True,0.902289,0.000998,0.902222,1.097778,0.933903,0.015844
powerlaw,87,100,291,0.058788,False,0.155318,0.016417,0.058788,2.608889,2.647837,0.339214
powerlaw,87,100,475,0.09596,False,0.188255,0.012533,0.09596,2.228283,1.800948,0.255052
complete,87,50,1225,1.0,True,1.0,0.0,1.0,1.0,1.005191,0.0
unit_disk,87,100,512,0.103434,False,0.619059,0.027978,0.103434,3.741818,3.166389,0.610573
unit_disk,87,100,1091,0.220404,False,0.692425,0.014249,0.220404,2.396364,1.95838,0.481688
grid_2d,87,100,180,0.036364,False,0.0,0.057823,0.036364,6.666667,0.0,0.633549
grid_2d,87,225,420,0.016667,False,0.0,0.040359,0.016667,10.0,0.0,0.720779
dense_random,88,100,3470,0.70101,True,0.701017,0.003051,0.70101,1.29899,0.836161,0.041653
dense_random,88,100,4451,0.899192,True,0.899822,0.001029,0.899192,1.100808,0.932614,0.018456
powerlaw,88,100,291,0.058788,False,0.109637,0.016737,0.058788,2.640202,1.846897,0.344652
powerlaw,88,100,475,0.09596,False,0.180247,0.012637,0.09596,2.238384,1.71656,0.257975
complete,88,50,1225,1.0,True,1.0,0.0,1.0,1.0,1.005191,0.0
unit_disk,88,100,564,0.113939,False,0.691142,0.028495,0.113939,3.792525,3.039848,0.612186
unit_disk,88,100,1132,0.228687,False,0.726079,0.01442,0.228687,2.413131,1.942192,0.499176
grid_2d,88,100,180,0.036364,False,0.0,0.057823,0.036364,6.666667,0.0,0.633549
grid_2d,88,225,420,0.016667,False,0.0,0.040359,0.016667,10.0,0.0,0.720779
dense_random,89,100,3451,0.697172,True,0.696116,0.00309,0.697172,1.302828,0.833507,0.045459
dense_random,89,100,4450,0.89899,True,0.89842,0.001031,0.89899,1.10101,0.931246,0.018718
powerlaw,89,100,291,0.058788,False,0.146504,0.016349,0.058788,2.602222,2.503965,0.332707
powerlaw,89,100,475,0.09596,False,0.17728,0.012525,0.09596,2.227475,1.696568,0.270524
complete,89,50,1225,1.0,True,1.0,0.0,1.0,1.0,1.005191,0.0
unit_disk,89,100,531,0.107273,False,0.643589,0.026708,0.107273,3.725857,3.04379,0.667874
unit_disk,89,100,1027,0.207475,False,0.701706,0.015096,0.207475,2.479394,2.07846,0.516356
grid_2d,89,100,180,0.036364,False,0.0,0.057823,0.036364,6.666667,0.0,0.633549
grid_2d,89,225,420,0.016667,False,0.0,0.040359,0.016667,10.0,0.0,0.720779
dense_random,90,100,3410,0.688889,True,0.686763,0.003175,0.688889,1.311111,0.829278,0.042637
dense_random,90,100,4441,0.897172,True,0.896819,0.001049,0.897172,1.102828,0.930355,0.017212
powerlaw,90,100,291,0.058788,False,0.12681,0.017003,0.058788,2.666263,2.115307,0.361516
powerlaw,90,100,475,0.09596,False,0.176726,0.01261,0.09596,2.235758,1.685009,0.267424
complete,90,50,1225,1.0,True,1.0,0.0,1.0,1.0,1.005191,0.0
unit_disk,90,100,541,0.109293,False,0.603232,0.026009,0.109293,3.548889,3.007558,0.600249
unit_disk,90,100,1157,0.233737,False,0.693288,0.013191,0.233737,2.292727,1.896412,0.455834
grid_2d,90,100,180,0.036364,False,0.0,0.057823,0.036364,6.666667,0.0,0.633549
grid_2d,90,225,420,0.016667,False,0.0,0.040359,0.016667,10.0,0.0,0.720779
dense_random,91,100,3476,0.702222,True,0.699849,0.003039,0.702222,1.297778,0.833766,0.042893
dense_random,91,100,4453,0.899596,True,0.899241,0.001025,0.899596,1.100404,0.931842,0.019028
powerlaw,91,100,291,0.058788,False,0.153719,0.01638,0.058788,2.605253,2.624224,0.359337
powerlaw,91,100,475,0.09596,False,0.193898,0.012294,0.09596,2.204848,1.874652,0.247942
complete,91,50,1225,1.0,True,1.0,0.0,1.0,1.0,1.005191,0.0
unit_disk,91,100,528,0.106667,False,0.638241,0.027537,0.106667,3.698586,3.160769,0.645055
unit_disk,91,100,1046,0.211313,False,0.694204,0.014671,0.211313,2.437778,2.040976,0.514872
grid_2d,91,100,180,0.036364,False,0.0,0.057823,0.036364,6.666667,0.0,0.633549
grid_2d,91,225,420,0.016667,False,0.0,0.040359,0.016667,10.0,0.0,0.720779
dense_random,92,100,3529,0.712929,True,0.713793,0.002929,0.712929,1.287071,0.841572,0.043631
dense_random,92,100,4494,0.907879,True,0.907885,0.00094,0.907879,1.092121,0.937373,0.015623
powerlaw,92,100,291,0.058788,False,0.174713,0.015671,0.058788,2.535758,3.064371,0.326909
powerlaw,92,100,475,0.09596,False,0.19479,0.012412,0.09596,2.216364,1.873487,0.269496
complete,92,50,1225,1.0,True,1.0,0.0,1.0,1.0,1.005191,0.0
unit_disk,92,100,487,0.098384,False,0.624416,0.028225,0.098384,3.766061,3.409495,0.62364
unit_disk,92,100,1024,0.206869,False,0.674968,0.014651,0.206869,2.435758,2.043018,0.489428
grid_2d,92,100,180,0.036364,False,0.0,0.057823,0.036364,6.666667,0.0,0.633549
grid_2d,92,225,420,0.016667,False,0.0,0.040359,0.016667,10.0,0.0,0.720779
dense_random,93,100,3464,0.699798,True,0.699838,0.003063,0.699798,1.300202,0.835763,0.044677
dense_random,93,100,4407,0.890303,True,0.890917,0.001119,0.890303,1.109697,0.927186,0.018786
powerlaw,93,100,291,0.058788,False,0.211288,0.015788,0.058788,2.547273,3.689137,0.348112
powerlaw,93,100,475,0.09596,False,0.188328,0.012307,0.09596,2.206061,1.819801,0.236762
complete,93,50,1225,1.0,True,1.0,0.0,1.0,1.0,1.005191,0.0
unit_disk,93,100,492,0.099394,False,0.657416,0.029388,0.099394,3.88,3.433459,0.626962
unit_disk,93,100,989,0.199798,False,0.689793,0.015248,0.199798,2.494343,2.135604,0.468787
grid_2d,93,100,180,0.036364,False,0.0,0.057823,0.036364,6.666667,0.0,0.633549
grid_2d,93,225,420,0.016667,False,0.0,0.040359,0.016667,10.0,0.0,0.720779
dense_random,94,100,3441,0.695152,True,0.696062,0.003111,0.695152,1.304848,0.835142,0.042895
dense_random,94,100,4451,0.899192,True,0.899125,0.001029,0.899192,1.100808,0.931892,0.016634
powerlaw,94,100,291,0.058788,False,0.127983,0.016749,0.058788,2.641414,2.154961,0.344044
powerlaw,94,100,475,0.09596,False,0.184521,0.012498,0.09596,2.224848,1.767957,0.259958
complete,94,50,1225,1.0,True,1.0,0.0,1.0,1.0,1.005191,0.0
unit_disk,94,100,488,0.098586,False,0.613131,0.027932,0.098586,3.737374,3.363632,0.628888
unit_disk,94,100,1040,0.210101,False,0.671345,0.01442,0.210101,2.413131,2.009233,0.447722
grid_2d,94,100,180,0.036364,False,0.0,0.057823,0.036364,6.666667,0.0,0.633549
grid_2d,94,225,420,0.016667,False,0.0,0.040359,0.016667,10.0,0.0,0.720779
dense_random,95,100,3482,0.703434,True,0.702594,0.003026,0.703434,1.296566,0.836034,0.041903
dense_random,95,100,4431,0.895152,True,0.895205,0.00107,0.895152,1.104848,0.929541,0.017161
powerlaw,95,100,291,0.058788,False,0.164556,0.016491,0.058788,2.616162,2.797521,0.347764
powerlaw,95,100,475,0.09596,False,0.194807,0.012371,0.09596,2.212323,1.877076,0.240702
complete,95,50,1225,1.0,True,1.0,0.0,1.0,1.0,1.005191,0.0
unit_disk,95,100,517,0.104444,False,0.6323,0.026392,0.104444,3.586465,3.327669,0.578671
unit_disk,95,100,1109,0.22404,False,0.68544,0.013403,0.22404,2.313535,1.965007,0.41863
grid_2d,95,100,180,0.036364,False,0.0,0.057823,0.036364,6.666667,0.0,0.633549
grid_2d,95,225,420,0.016667,False,0.0,0.040359,0.016667,10.0,0.0,0.720779
dense_random,96,100,3485,0.70404,True,0.705731,0.00302,0.70404,1.29596,0.839267,0.041353
dense_random,96,100,4478,0.904646,True,0.905048,0.000973,0.904646,1.095354,0.935757,0.014617
powerlaw,96,100,291,0.058788,False,0.146928,0.016646,0.058788,2.631313,2.483451,0.364007
powerlaw,96,100,475,0.09596,False,0.177717,0.012488,0.09596,2.223838,1.703538,0.253401
complete,96,50,1225,1.0,True,1.0,0.0,1.0,1.0,1.005191,0.0
unit_disk,96,100,591,0.119394,False,0.648925,0.02462,0.119394,3.461967,2.879737,0.593551
unit_disk,96,100,1187,0.239798,False,0.691607,0.012962,0.239798,2.270303,1.847164,0.436827
grid_2d,96,100,180,0.036364,False,0.0,0.057823,0.036364,6.666667,0.0,0.633549
grid_2d,96,225,420,0.016667,False,0.0,0.040359,0.016667,10.0,0.0,0.720779
dense_random,97,100,3476,0.702222,True,0.702345,0.003039,0.702222,1.297778,0.836739,0.044866
dense_random,97,100,4503,0.909697,True,0.909768,0.000921,0.909697,1.090303,0.938586,0.014813
powerlaw,97,100,291,0.058788,False,0.159924,0.016195,0.058788,2.587071,2.749351,0.348673
powerlaw,97,100,475,0.09596,False,0.20034,0.012501,0.09596,2.225051,1.919344,0.251116
complete,97,50,1225,1.0,True,1.0,0.0,1.0,1.0,1.005191,0.0
unit_disk,97,100,493,0.099596,False,0.694722,0.029843,0.099596,3.924646,3.576565,0.704311
unit_disk,97,100,986,0.199192,False,0.691546,0.015246,0.199192,2.494141,2.149907,0.500379
grid_2d,97,100,180,0.036364,False,0.0,0.057823,0.036364,6.666667,0.0,0.633549
grid_2d,97,225,420,0.016667,False,0.0,0.040359,0.016667,10.0,0.0,0.720779
dense_random,98,100,3422,0.691313,True,0.69184,0.00315,0.691313,1.308687,0.833327,0.048268
dense_random,98,100,4441,0.897172,True,0.897158,0.001049,0.897172,1.102828,0.930707,0.016101
powerlaw,98,100,291,0.058788,False,0.139277,0.016366,0.058788,2.603838,2.378968,0.347351
powerlaw,98,100,475,0.09596,False,0.209119,0.012517,0.09596,2.226667,2.001997,0.246156
complete,98,50,1225,1.0,True,1.0,0.0,1.0,1.0,1.005191,0.0
unit_disk,98,100,518,0.104646,False,0.669912,0.030144,0.104646,3.954141,3.188977,0.641001
unit_disk,98,100,1022,0.206465,False,0.692955,0.015362,0.206465,2.505455,2.044428,0.51496
grid_2d,98,100,180,0.036364,False,0.0,0.057823,0.036364,6.666667,0.0,0.633549
grid_2d,98,225,420,0.016667,False,0.0,0.040359,0.016667,10.0,0.0,0.720779
dense_random,99,100,3524,0.711919,True,0.710744,0.00294,0.711919,1.288081,0.838787,0.038294
dense_random,99,100,4455,0.9,True,0.89973,0.00102,0.9,1.1,0.93218,0.016313
powerlaw,99,100,291,0.058788,False,0.093248,0.016949,0.058788,2.66101,1.558544,0.337372
powerlaw,99,100,475,0.09596,False,0.177524,0.012498,0.09596,2.224848,1.700912,0.246832
complete,99,50,1225,1.0,True,1.0,0.0,1.0,1.0,1.005191,0.0
unit_disk,99,100,547,0.110505,False,0.649476,0.026698,0.110505,3.616364,3.128357,0.64863
unit_disk,99,100,1099,0.22202,False,0.698979,0.013692,0.22202,2.341818,2.00349,0.519953
grid_2d,99,100,180,0.036364,False,0.0,0.057823,0.036364,6.666667,0.0,0.633549
grid_2d,99,225,420,0.016667,False,0.0,0.040359,0.016667,10.0,0.0,0.720779
dense_random,100,100,3464,0.699798,True,0.699283,0.003063,0.699798,1.300202,0.8351,0.04245
dense_random,100,100,4454,0.899798,True,0.899756,0.001022,0.899798,1.100202,0.932292,0.017281
powerlaw,100,100,291,0.058788,False,0.202586,0.015553,0.058788,2.524242,3.56947,0.339923
powerlaw,100,100,475,0.09596,False,0.173588,0.012486,0.09596,2.223636,1.664108,0.24747
complete,100,50,1225,1.0,True,1.0,0.0,1.0,1.0,1.005191,0.0
unit_disk,100,100,512,0.103434,False,0.660411,0.027289,0.103434,3.674343,3.43993,0.637579
unit_disk,100,100,1045,0.211111,False,0.675554,0.014106,0.211111,2.382424,2.034874,0.489248
grid_2d,100,100,180,0.036364,False,0.0,0.057823,0.036364,6.666667,0.0,0.633549
grid_2d,100,225,420,0.016667,False,0.0,0.040359,0.016667,10.0,0.0,0.720779
dense_random,101,100,3408,0.688485,True,0.689911,0.003179,0.688485,1.311515,0.833427,0.04184
dense_random,101,100,4484,0.905859,True,0.906031,0.000961,0.905859,1.094141,0.936278,0.013889
powerlaw,101,100,291,0.058788,False,0.156972,0.015859,0.058788,2.554141,2.733395,0.343395
powerlaw,101,100,475,0.09596,False,0.192706,0.012482,0.09596,2.223232,1.847719,0.254103
complete,101,50,1225,1.0,True,1.0,0.0,1.0,1.0,1.005191,0.0
unit_disk,101,100,502,0.101414,False,0.641167,0.026939,0.101414,3.64,3.467761,0.650335
unit_disk,101,100,1031,0.208283,False,0.694873,0.014651,0.208283,2.435758,2.084286,0.531307
grid_2d,101,100,180,0.036364,False,0.0,0.057823,0.036364,6.666667,0.0,0.633549
grid_2d,101,225,420,0.016667,False,0.0,0.040359,0.016667,10.0,0.0,0.720779
dense_random,102,100,3447,0.696364,True,0.696107,0.003098,0.696364,1.303636,0.834174,0.047598
dense_random,102,100,4457,0.900404,True,0.900587,0.001016,0.900404,1.099596,0.932898,0.015015
powerlaw,102,100,291,0.058788,False,0.134381,0.01571,0.058788,2.539596,2.353416,0.33896
powerlaw,102,100,475,0.09596,False,0.201116,0.012496,0.09596,2.224646,1.927129,0.249394
complete,102,50,1225,1.0,True,1.0,0.0,1.0,1.0,1.005191,0.0
unit_disk,102,100,517,0.104444,False,0.65222,0.026982,0.104444,3.644242,3.378083,0.622282
unit_disk,102,100,1066,0.215354,False,0.682366,0.013807,0.215354,2.353131,2.026721,0.438942
grid_2d,102,100,180,0.036364,False,0.0,0.057823,0.036364,6.666667,0.0,0.633549
grid_2d,102,225,420,0.016667,False,0.0,0.040359,0.016667,10.0,0.0,0.720779
dense_random,103,100,3446,0.696162,True,0.697398,0.0031,0.696162,1.303838,0.835891,0.047326
dense_random,103,100,4466,0.902222,True,0.902347,0.000998,0.902222,1.097778,0.933964,0.014758
powerlaw,103,100,291,0.058788,False,0.164733,0.016838,0.058788,2.650101,2.764664,0.380693
powerlaw,103,100,475,0.09596,False,0.176492,0.012777,0.09596,2.252121,1.670548,0.25378
complete,103,50,1225,1.0,True,1.0,0.0,1.0,1.0,1.005191,0.0
unit_disk,103,100,513,0.103636,False,0.621425,0.028192,0.103636,3.762828,3.151938,0.601017
unit_disk,103,100,1120,0.226263,False,0.690947,0.013465,0.226263,2.319596,1.950005,0.45139
grid_2d,103,100,180,0.036364,False,0.0,0.057823,0.036364,6.666667,0.0,0.633549
grid_2d,103,225,420,0.016667,False,0.0,0.040359,0.016667,10.0,0.0,0.720779
dense_random,104,100,3469,0.700808,True,0.702147,0.003053,0.700808,1.299192,0.837677,0.042037
dense_random,104,100,4460,0.90101,True,0.901189,0.00101,0.90101,1.09899,0.933268,0.017933
powerlaw,104,100,291,0.058788,False,0.178115,0.01585,0.058788,2.553333,3.10254,0.365708
powerlaw,104,100,475,0.09596,False,0.206488,0.012465,0.09596,2.221616,1.981306,0.253602
complete,104,50,1225,1.0,True,1.0,0.0,1.0,1.0,1.005191,0.0
unit_disk,104,100,484,0.097778,False,0.647711,0.028085,0.097778,3.752323,3.581365,0.675172
unit_disk,104,100,995,0.20101,False,0.678905,0.014677,0.20101,2.438384,2.132844,0.511424
grid_2d,104,100,180,0.036364,False,0.0,0.057823,0.036364,6.666667,0.0,0.633549
grid_2d,104,225,420,0.016667,False,0.0,0.040359,0.016667,10.0,0.0,0.720779
dense_random,105,100,3527,0.712525,True,0.712764,0.002933,0.712525,1.287475,0.840683,0.046582
dense_random,105,100,4487,0.906465,True,0.906126,0.000954,0.906465,1.093535,0.936129,0.017323
powerlaw,105,100,291,0.058788,False,0.104627,0.016658,0.058788,2.632525,1.767642,0.328657
powerlaw,105,100,475,0.09596,False,0.176429,0.012608,0.09596,2.235556,1.682323,0.258748
complete,105,50,1225,1.0,True,1.0,0.0,1.0,1.0,1.005191,0.0
unit_disk,105,100,507,0.102424,False,0.635354,0.02692,0.102424,3.638182,3.389567,0.657688
unit_disk,105,100,1022,0.206465,False,0.672662,0.014193,0.206465,2.390909,2.079637,0.495067
grid_2d,105,100,180,0.036364,False,0.0,0.057823,0.036364,6.666667,0.0,0.633549
grid_2d,105,225,420,0.016667,False,0.0,0.040359,0.016667,10.0,0.0,0.720779
dense_random,106,100,3455,0.69798,True,0.698288,0.003082,0.69798,1.30202,0.835429,0.046268
dense_random,106,100,4457,0.900404,True,0.901039,0.001016,0.900404,1.099596,0.933367,0.015895
powerlaw,106,100,291,0.058788,False,0.176342,0.016106,0.058788,2.578384,3.041821,0.354773
powerlaw,106,100,475,0.09596,False,0.209194,0.012274,0.09596,2.202828,2.024391,0.261332
complete,106,50,1225,1.0,True,1.0,0.0,1.0,1.0,1.005191,0.0
unit_disk,106,100,531,0.107273,False,0.642257,0.026764,0.107273,3.622828,3.221079,0.620623
unit_disk,106,100,1090,0.220202,False,0.684315,0.014172,0.220202,2.388889,1.943857,0.464562
grid_2d,106,100,180,0.036364,False,0.0,0.057823,0.036364,6.666667,0.0,0.633549
grid_2d,106,225,420,0.016667,False,0.0,0.040359,0.016667,10.0,0.0,0.720779
dense_random,107,100,3482,0.703434,True,0.702309,0.003026,0.703434,1.296566,0.835696,0.039669
dense_random,107,100,4465,0.90202,True,0.901857,0.001,0.90202,1.09798,0.93354,0.016202
powerlaw,107,100,291,0.058788,False,0.166204,0.015986,0.058788,2.566667,2.880021,0.355853
powerlaw,107,100,475,0.09596,False,0.213349,0.012373,0.09596,2.212525,2.055554,0.250174
complete,107,50,1225,1.0,True,1.0,0.0,1.0,1.0,1.005191,0.0
unit_disk,107,100,501,0.101212,False,0.662723,0.02961,0.101212,3.901818,3.353404,0.620051
unit_disk,107,100,1049,0.211919,False,0.685849,0.014618,0.211919,2.432525,2.013092,0.488657
grid_2d,107,100,180,0.036364,False,0.0,0.057823,0.036364,6.666667,0.0,0.633549
grid_2d,107,225,420,0.016667,False,0.0,0.040359,0.016667,10.0,0.0,0.720779
dense_random,108,100,3426,0.692121,True,0.692481,0.003142,0.692121,1.307879,0.83341,0.043699
dense_random,108,100,4464,0.901818,True,0.902531,0.001002,0.901818,1.098182,0.934322,0.014255
powerlaw,108,100,291,0.058788,False,0.133579,0.016543,0.058788,2.621212,2.266517,0.347126
powerlaw,108,100,475,0.09596,False,0.175888,0.012589,0.09596,2.233737,1.678531,0.242287
complete,108,50,1225,1.0,True,1.0,0.0,1.0,1.0,1.005191,0.0
unit_disk,108,100,509,0.102828,False,0.667828,0.030866,0.102828,4.024848,3.202439,0.661058
unit_disk,108,100,970,0.19596,False,0.697333,0.016056,0.19596,2.573535,2.147456,0.518938
grid_2d,108,100,180,0.036364,False,0.0,0.057823,0.036364,6.666667,0.0,0.633549
grid_2d,108,225,420,0.016667,False,0.0,0.040359,0.016667,10.0,0.0,0.720779
dense_random,109,100,3490,0.705051,True,0.705643,0.00301,0.705051,1.294949,0.838331,0.04652
dense_random,109,100,4438,0.896566,True,0.896515,0.001055,0.896566,1.103434,0.930296,0.018259
powerlaw,109,100,291,0.058788,False,0.121377,0.016623,0.058788,2.629091,2.053307,0.362614
powerlaw,109,100,475,0.09596,False,0.198587,0.012356,0.09596,2.210909,1.914722,0.240745
complete,109,50,1225,1.0,True,1.0,0.0,1.0,1.0,1.005191,0.0
unit_disk,109,100,500,0.10101,False,0.633046,0.028573,0.10101,3.800202,3.298329,0.595328
unit_disk,109,100,1073,0.216768,False,0.691761,0.014459,0.216768,2.41697,1.983065,0.464967
grid_2d,109,100,180,0.036364,False,0.0,0.057823,0.036364,6.666667,0.0,0.633549
grid_2d,109,225,420,0.016667,False,0.0,0.040359,0.016667,10.0,0.0,0.720779
dense_random,110,100,3432,0.693333,True,0.694641,0.003129,0.693333,1.306667,0.834976,0.047065
dense_random,110,100,4450,0.89899,True,0.899516,0.001031,0.89899,1.10101,0.932382,0.020565
powerlaw,110,100,291,0.058788,False,0.122178,0.01699,0.058788,2.665051,2.038983,0.344345
powerlaw,110,100,475,0.09596,False,0.222281,0.012395,0.09596,2.214747,2.139453,0.246958
complete,110,50,1225,1.0,True,1.0,0.0,1.0,1.0,1.005191,0.0
unit_disk,110,100,504,0.101818,False,0.707508,0.028048,0.101818,4.047256,3.005673,0.682213
unit_disk,110,100,1007,0.203434,False,0.701602,0.015378,0.203434,2.507071,2.109758,0.477205
grid_2d,110,100,180,0.036364,False,0.0,0.057823,0.036364,6.666667,0.0,0.633549
grid_2d,110,225,420,0.016667,False,0.0,0.040359,0.016667,10.0,0.0,0.720779
dense_random,111,100,3438,0.694545,True,0.693921,0.003117,0.694545,1.305455,0.833084,0.044446
